source_id,url,fetched_at,http_status,content_type,content_length,content_sha256,outcome,raw_ref,reason
hindenburg.posts,https://hindenburgresearch.com/wp-json/wp/v2/posts,2026-09-06T19:43:19Z,200,application/json,8378407,e37a5bc983f807be3bff54a7b1a102f2d91ac6744ed3094c8814c0ad3bebf6ce,captured,raw/hindenburg/hindenburg-corpus-2026-09-07.json,
muddywaters.page,https://muddywatersresearch.com/research/orient-paper-inc/initiating-coverage-onp/,2026-09-11T08:02:15Z,200,text/html,77009,77df8e61d747ee63ad78725f101d64d8f96a56cd2c7133454a015237f144dfe6,captured,raw/control/muddywaters/research-orient-paper-inc-initiating-coverage-onp.html,
muddywaters.page,https://muddywatersresearch.com/research/orient-paper-inc/mw-analyzed-the-correct-onp-entity/,2026-09-11T08:02:17Z,200,text/html,76385,b55568fe5403c19538824bacf6e00bc8d7b0c9487e5b7ae7f58e25fb8c7a3065,captured,raw/control/muddywaters/research-orient-paper-inc-mw-analyzed-the-correct-onp-entity.html,
muddywaters.page,https://muddywatersresearch.com/research/orient-paper-inc/response-to-rick-pearso/,2026-09-11T08:02:19Z,200,text/html,76920,50dde9c77a13883f7d6050a02c6327b9ff11a869c97534c6ca6166e666b527fe,captured,raw/control/muddywaters/research-orient-paper-inc-response-to-rick-pearso.html,
muddywaters.page,https://muddywatersresearch.com/research/orient-paper-inc/two-points-onp-debat/,2026-09-11T08:02:21Z,200,text/html,76381,9eb6768165a78986c2fcec31164a31d03ce8ed6fa76585340fc45ba4ff4393f3,captured,raw/control/muddywaters/research-orient-paper-inc-two-points-onp-debat.html,
muddywaters.page,https://muddywatersresearch.com/research/orient-paper-inc/onp-tangled-we/,2026-09-11T08:02:23Z,200,text/html,76112,cb760a154f2cd3763c6c9ad520e6a20c4124493d36c15b91167325f2e9bef1b5,captured,raw/control/muddywaters/research-orient-paper-inc-onp-tangled-we.html,
muddywaters.page,https://muddywatersresearch.com/research/orient-paper-inc/21cbh-article-pg/,2026-09-11T08:02:24Z,200,text/html,76063,3185ba2a45fc8738f95e5d277e9472cdd02bfaef747b7de3dacca8e935db1709,captured,raw/control/muddywaters/research-orient-paper-inc-21cbh-article-pg.html,
muddywaters.page,https://muddywatersresearch.com/research/orient-paper-inc/21cbh-article-pg-2/,2026-09-11T08:02:26Z,200,text/html,76080,c8d5e68290c8833e91f5115f5946243255104cb80884a5d8fe83910c7247fe0a,captured,raw/control/muddywaters/research-orient-paper-inc-21cbh-article-pg-2.html,
muddywaters.page,https://muddywatersresearch.com/research/orient-paper-inc/one-billion-chinese-people-cant-be-wrong-about-on/,2026-09-11T08:02:28Z,200,text/html,77368,d17678db1fa5bcc482854a430b7bb69b35e63bf5292cc58683c520f5054dc454,captured,raw/control/muddywaters/research-orient-paper-inc-one-billion-chinese-people-cant-be-wrong-about-on.html,
muddywaters.page,https://muddywatersresearch.com/research/rino/initiating-coverage-rino/,2026-09-11T08:02:30Z,200,text/html,77955,e66e2a51cd635d0ce38f7a7d6c161b97d6c9205225ef6b1b6e8676dcdeb59849,captured,raw/control/muddywaters/research-rino-initiating-coverage-rino.html,
muddywaters.page,https://muddywatersresearch.com/research/ccme/initiating-coverage-ccme/,2026-09-11T08:02:32Z,200,text/html,73241,b822e3792121dfd8a47eb0b930f2353350017e02d0971863b8a8d26f0741a91f,captured,raw/control/muddywaters/research-ccme-initiating-coverage-ccme.html,
muddywaters.page,https://muddywatersresearch.com/research/dgw/initiating-coverage-dgw/,2026-09-11T08:02:34Z,200,text/html,76928,d0ed03a36a5de0fb1b052c1d949281d0ba012eeb778e69bf7572b3dd1c867b96,captured,raw/control/muddywaters/research-dgw-initiating-coverage-dgw.html,
muddywaters.page,https://muddywatersresearch.com/research/tre/initiating-coverage-treto/,2026-09-11T08:02:35Z,200,text/html,77878,3091d748a996f125c081db021ba3b980808737f8badb916f88b3e7099abfb642,captured,raw/control/muddywaters/research-tre-initiating-coverage-treto.html,
muddywaters.page,https://muddywatersresearch.com/research/tre/mw-reaction-to-tre-call-jun14/,2026-09-11T08:02:37Z,200,text/html,76050,63ae70d7765a474f826962659a4a666a3030d3a0e2b56963be1679a73cf373e7,captured,raw/control/muddywaters/research-tre-mw-reaction-to-tre-call-jun14.html,
muddywaters.page,https://muddywatersresearch.com/research/tre/tre-supporting-docs-1/,2026-09-11T08:02:39Z,200,text/html,76146,c78077145f53991397192fbcef79a68c891e614f1729ea144012312502effb9b,captured,raw/control/muddywaters/research-tre-tre-supporting-docs-1.html,
muddywaters.page,https://muddywatersresearch.com/research/tre/tre-supporting-docs-2/,2026-09-11T08:02:40Z,200,text/html,76098,a47998e7c8f3a04dd4f9406466ce1fd052119673fa5304567298a9c1fc961a1f,captured,raw/control/muddywaters/research-tre-tre-supporting-docs-2.html,
muddywaters.page,https://muddywatersresearch.com/research/tre/tre-supporting-docs-3/,2026-09-11T08:02:42Z,200,text/html,76128,ca7df72489df49ca32126f5c41e5365d1b7e5ba67c3c81916acbd08fecb5973f,captured,raw/control/muddywaters/research-tre-tre-supporting-docs-3.html,
muddywaters.page,https://muddywatersresearch.com/research/sprd/mw-open-letter-to-chairman/,2026-09-11T08:02:44Z,200,text/html,76477,604c493f652eb932c77268514056bca3ccd95a8b91b83296c12d459f10e212b8,captured,raw/control/muddywaters/research-sprd-mw-open-letter-to-chairman.html,
muddywaters.page,https://muddywatersresearch.com/research/tre/ties-that-blind-part1/,2026-09-11T08:02:46Z,200,text/html,76120,b4eaab82276c7875c632938e8ed4e8b9e6b0be189edf0fc14b16e512e689425f,captured,raw/control/muddywaters/research-tre-ties-that-blind-part1.html,
muddywaters.page,https://muddywatersresearch.com/research/fmcn/initiating-coverage-fmcn/,2026-09-11T08:02:48Z,200,text/html,78245,87ae44c495018a7b1bde416da3d9c0d422723b8abbdd146a03e5e193beba2acf,captured,raw/control/muddywaters/research-fmcn-initiating-coverage-fmcn.html,
muddywaters.page,https://muddywatersresearch.com/research/fmcn/reiterating-strong-sell/,2026-09-11T08:02:50Z,200,text/html,78082,4eef3781f85ea2038f167db021cb609234affa5c182ba0583aaafd4604078197,captured,raw/control/muddywaters/research-fmcn-reiterating-strong-sell.html,
muddywaters.page,https://muddywatersresearch.com/research/fmcn/independent-verification-better-than-toilet-paper/,2026-09-11T08:02:51Z,200,text/html,76289,5415c2ea7404de4265088f8bdefff94c78f73b23c966dc35e7b24f36fde8e945,captured,raw/control/muddywaters/research-fmcn-independent-verification-better-than-toilet-paper.html,
muddywaters.page,https://muddywatersresearch.com/research/fmcn/why-buy-a-ginseng-plantation/,2026-09-11T08:02:53Z,200,text/html,75894,d0c0d28f43559003e2d6bba19247b1564e9f98841f0ae5174f1fd3a21e0d18f3,captured,raw/control/muddywaters/research-fmcn-why-buy-a-ginseng-plantation.html,
muddywaters.page,https://muddywatersresearch.com/research/fmcn/mw-was-right-that-fmcn-lied-re-lcd-network/,2026-09-11T08:02:55Z,200,text/html,76738,92ec9825378eef4266e2fbcfdc459812554be674067e84c546d67541231db459,captured,raw/control/muddywaters/research-fmcn-mw-was-right-that-fmcn-lied-re-lcd-network.html,
muddywaters.page,https://muddywatersresearch.com/research/fsinfsinrino/fraud-school-rino-fsin/,2026-09-11T08:02:57Z,200,text/html,70140,8bff640dd5d424b0c4c5e795925770ae78f8daa10674b2a979d9d935f8d8ab2b,captured,raw/control/muddywaters/research-fsinfsinrino-fraud-school-rino-fsin.html,
muddywaters.page,https://muddywatersresearch.com/research/fsinfsinrino/frauducation-supporting-docs/,2026-09-11T08:02:59Z,200,text/html,69023,79fb62e4efe65fd7d2259b7308ed948e8f93c86435ff488be91a515bb8dac2b6,captured,raw/control/muddywaters/research-fsinfsinrino-frauducation-supporting-docs.html,
muddywaters.page,https://muddywatersresearch.com/research/ccme/irrefutable-evidence/,2026-09-11T08:03:01Z,200,text/html,79381,f4a22f05b7d355afaa5a3d13724fd6cded7b54fd3a3831289e9be7d95482f71e,captured,raw/control/muddywaters/research-ccme-irrefutable-evidence.html,
muddywaters.page,https://muddywatersresearch.com/research/fsinfsinrino/frauducation-white-paper/,2026-09-11T08:03:03Z,200,text/html,68642,fda265082e77e3e7bc1398375da6744b31ca56a90ff9c4a7556921fcb48bc064,captured,raw/control/muddywaters/research-fsinfsinrino-frauducation-white-paper.html,
muddywaters.page,https://muddywatersresearch.com/research/edu/initiating-coverage-edu/,2026-09-11T08:03:05Z,200,text/html,74057,097aed0982f3bfdc47655596c2dd775ef4f3aeb3a118f5354a781acd45de9e49,captured,raw/control/muddywaters/research-edu-initiating-coverage-edu.html,
muddywaters.page,https://muddywatersresearch.com/research/olam/initiating-coverage-olam/,2026-09-11T08:03:06Z,200,text/html,74487,7f81fbc144cdbefab2acff4ef78d4fe5db81a9622e359368d4dab318512ecac3,captured,raw/control/muddywaters/research-olam-initiating-coverage-olam.html,
muddywaters.page,https://muddywatersresearch.com/research/olam/stop-gap-bailout-validates-mw-thesis/,2026-09-11T08:03:08Z,200,text/html,72565,f5aae885bdcfcc424adb7cbb7387ed95c355aaaddc369071c4302bc802161cbd,captured,raw/control/muddywaters/research-olam-stop-gap-bailout-validates-mw-thesis.html,
muddywaters.page,https://muddywatersresearch.com/research/fmcn/another-lie/,2026-09-11T08:03:10Z,200,text/html,72324,bca796f08cae85e720c30e519f0cae714ba27669512edcaae805b4fac89e568f,captured,raw/control/muddywaters/research-fmcn-another-lie.html,
muddywaters.page,https://muddywatersresearch.com/research/olam/mw-reaction-q2-2013-report/,2026-09-11T08:03:12Z,200,text/html,72358,c240f935411b10df75918e14affcfd38a634ccdbb99675930dcbfb28d4bb4c24,captured,raw/control/muddywaters/research-olam-mw-reaction-q2-2013-report.html,
muddywaters.page,https://muddywatersresearch.com/research/olam/mw-offers-to-pay-for-olam-debt-rating/,2026-09-11T08:03:14Z,200,text/html,72954,cef2646e52355fe2ffc5f18dade567b3d71ed21307d2ddee4ae00a3a9aa3060e,captured,raw/control/muddywaters/research-olam-mw-offers-to-pay-for-olam-debt-rating.html,
muddywaters.page,https://muddywatersresearch.com/research/amt/initiating-coverage-amt-slide-deck/,2026-09-11T08:03:16Z,200,text/html,74379,7f95aff56a790b9cf2e645ce3e522b8dfe5e25bc3c2157646df34977ff8053b7,captured,raw/control/muddywaters/research-amt-initiating-coverage-amt-slide-deck.html,
muddywaters.page,https://muddywatersresearch.com/research/amt/initiating-coverage-amt-full-report/,2026-09-11T08:03:18Z,200,text/html,74369,2bd3726c184776db69afa16c3a69ac8c488025ffc1099bb06a54d296ccecd61b,captured,raw/control/muddywaters/research-amt-initiating-coverage-amt-full-report.html,
muddywaters.page,https://muddywatersresearch.com/research/amt/cracking-facade-amt-q2-2013-results/,2026-09-11T08:03:20Z,200,text/html,73425,e857f3a389e9dba50cd7b487575c77ffa3e704c91a8276ac484b35758fb7cd1a,captured,raw/control/muddywaters/research-amt-cracking-facade-amt-q2-2013-results.html,
muddywaters.page,https://muddywatersresearch.com/research/amt/amt-latest-purchase-from-nihd/,2026-09-11T08:03:21Z,200,text/html,72664,64fc83dcac2e2f95802a8a7ce3bb95d4b8b6d4722bbf251fce958dda0ea9850d,captured,raw/control/muddywaters/research-amt-amt-latest-purchase-from-nihd.html,
muddywaters.page,https://muddywatersresearch.com/research/olam/not-changing-old-ways/,2026-09-11T08:03:23Z,200,text/html,71887,0c088ca1798f4892951ea6ba3e066dfae290f8a7a6d7abba0f68efcb454e7696,captured,raw/control/muddywaters/research-olam-not-changing-old-ways.html,
muddywaters.page,https://muddywatersresearch.com/research/amt/amt-gtp-more-skeptical-than-ever/,2026-09-11T08:03:25Z,200,text/html,71918,7b4b741b05cea11355aec1ae4224eb01f76f106f4df20fa993bf30f0c60651bb,captured,raw/control/muddywaters/research-amt-amt-gtp-more-skeptical-than-ever.html,
muddywaters.page,https://muddywatersresearch.com/research/nq/initiating-coverage-nq/,2026-09-11T08:03:27Z,200,text/html,74293,62230aed899503a38d4002059e3e3ca4c9ce7763aa4b39f16db9594c30aec99b,captured,raw/control/muddywaters/research-nq-initiating-coverage-nq.html,
muddywaters.page,https://muddywatersresearch.com/research/nq/top-10-lies-since-friday/,2026-09-11T08:03:29Z,200,text/html,71810,04a26de811220b30d5aa5cadd680982ce4ef18d3a3e987693a3dc0ed91a5dadb,captured,raw/control/muddywaters/research-nq-top-10-lies-since-friday.html,
muddywaters.page,https://muddywatersresearch.com/research/nq/chinese-media-exposes-nq-lies/,2026-09-11T08:03:31Z,200,text/html,73061,56aa80052e9d27cf6d41f1af68b8e8fe290e03dc13028c5b9a25016462bf3d7c,captured,raw/control/muddywaters/research-nq-chinese-media-exposes-nq-lies.html,
muddywaters.page,https://muddywatersresearch.com/research/nq/if-you-believe-in-yidatong/,2026-09-11T08:03:33Z,200,text/html,72368,f9fbf4694f87cfa270c139fdbf2e055323e21bdd7b773b710e25d41361fec682,captured,raw/control/muddywaters/research-nq-if-you-believe-in-yidatong.html,
muddywaters.page,https://muddywatersresearch.com/research/nq/withholding-facts-conned-men-and-convicted-racketeer/,2026-09-11T08:03:35Z,200,text/html,73492,8ef99556bb6248e97989c3d8ea03ba7d5de201d9ea3a461779ffe00ad68334be,captured,raw/control/muddywaters/research-nq-withholding-facts-conned-men-and-convicted-racketeer.html,
muddywaters.page,https://muddywatersresearch.com/research/nq/mw-offer-to-nq-ic/,2026-09-11T08:03:37Z,200,text/html,71726,05c2f95181dbfe45683118007beca243220dfd2e144480b96facd77d27cba55a,captured,raw/control/muddywaters/research-nq-mw-offer-to-nq-ic.html,
muddywaters.page,https://muddywatersresearch.com/research/nq/you-cant-fool-all-of-the-people-all-of-the-time/,2026-09-11T08:03:38Z,200,text/html,71870,6a4fff4af5c55f4d55a398bafd81e0da27ce83586eaaa47300d6690bee0eb471,captured,raw/control/muddywaters/research-nq-you-cant-fool-all-of-the-people-all-of-the-time.html,
muddywaters.page,https://muddywatersresearch.com/research/nq/nq-admits-data-tampering/,2026-09-11T08:03:40Z,200,text/html,71817,a6982f5dde995ab43346d5285c101cfdae70f2ba66ab739730e1813cd27ae648,captured,raw/control/muddywaters/research-nq-nq-admits-data-tampering.html,
muddywaters.page,https://muddywatersresearch.com/research/nq/oops/,2026-09-11T08:03:42Z,200,text/html,72814,e785ca84aab7185c720dfd2c0b3a6191a555b3f0acb49df60273d43b4a01e178,captured,raw/control/muddywaters/research-nq-oops.html,
muddywaters.page,https://muddywatersresearch.com/research/superb/mw-is-short-superb-summit/,2026-09-11T08:03:44Z,200,text/html,72820,89f4d022af81af82841d3b5665f6bf554f276371e5cd0964b9732bfeae849472,captured,raw/control/muddywaters/research-superb-mw-is-short-superb-summit.html,
muddywaters.page,https://muddywatersresearch.com/research/bol/complexity-creating-arbitrage/,2026-09-11T08:03:47Z,200,text/html,73550,91fc7012dac25859d6f10df578ccb8bac7e007a31075a3e1b95df679f76b7c08,captured,raw/control/muddywaters/research-bol-complexity-creating-arbitrage.html,
muddywaters.page,https://muddywatersresearch.com/research/nobl/mw-is-short-noble/,2026-09-11T08:03:49Z,200,text/html,72703,ab535d75a1e1887affc80f418fb3ab7d16846849dfe4a8d01a54e76e1c4dd331,captured,raw/control/muddywaters/research-nobl-mw-is-short-noble.html,
muddywaters.page,https://muddywatersresearch.com/research/tlsn/mw-is-short-teliasonera/,2026-09-11T08:03:51Z,200,text/html,72860,ff013f43a4662986799a2cca38b620c9c7468c85d67b19b4e416c4450f17a1ee,captured,raw/control/muddywaters/research-tlsn-mw-is-short-teliasonera.html,
muddywaters.page,https://muddywatersresearch.com/research/co/mw-is-short-groupe-casino/,2026-09-11T08:03:53Z,200,text/html,73739,c7a2dd3b9971d6a31e87a57bc4e5d24b2636a2f2c981960c787ffba7a3d21e73,captured,raw/control/muddywaters/research-co-mw-is-short-groupe-casino.html,
muddywaters.page,https://muddywatersresearch.com/research/co/questions-for-call/,2026-09-11T08:03:55Z,200,text/html,73221,d9597839775cf6b98f17a26552acf8026241ad868f58d634fa8bdeadd43d02e1,captured,raw/control/muddywaters/research-co-questions-for-call.html,
muddywaters.page,https://muddywatersresearch.com/research/co/new-info-casts-additional-doubt/,2026-09-11T08:03:57Z,200,text/html,74105,bfab6906c6220e86379723668e458a0592b11af2f2ceda82d173a267a8edd9b0,captured,raw/control/muddywaters/research-co-new-info-casts-additional-doubt.html,
muddywaters.page,https://muddywatersresearch.com/research/sax/mw-is-short-stroeer/,2026-09-11T08:03:59Z,200,text/html,75349,7d6c7d3d1841e64d200b9086685dc53e6fc3d0fb4e2777a5dd434e5eb3f66e1f,captured,raw/control/muddywaters/research-sax-mw-is-short-stroeer.html,
muddywaters.page,https://muddywatersresearch.com/research/sax/stroeer-pile-gets-bigger/,2026-09-11T08:04:01Z,200,text/html,73307,17585214d51ce6c159ee18510acc2d0422fdc81994c286d5131d13182458db9e,captured,raw/control/muddywaters/research-sax-stroeer-pile-gets-bigger.html,
muddywaters.page,https://muddywatersresearch.com/research/sax/astounding-agm-transcript/,2026-09-11T08:04:03Z,200,text/html,72512,e1ffade455154746ce1a6c7ef0c4c8e431d6a686d1c40faf0b4b43080aff4669,captured,raw/control/muddywaters/research-sax-astounding-agm-transcript.html,
muddywaters.page,https://muddywatersresearch.com/research/stj/mw-is-short-stj/,2026-09-11T08:04:05Z,200,text/html,73852,728494c482d90fe57b92c166a90f77d7c1bdfd99f508d101da44de6c8feec7d1,captured,raw/control/muddywaters/research-stj-mw-is-short-stj.html,
muddywaters.page,https://muddywatersresearch.com/research/olam/mw-reaction-olam-frantic-response/,2026-09-11T08:04:08Z,200,text/html,71908,8543d03716d2f4cf4ba12707aa05edb4f9daf7a19354c1cc6cf27099b731e1e6,captured,raw/control/muddywaters/research-olam-mw-reaction-olam-frantic-response.html,
muddywaters.page,https://muddywatersresearch.com/research/stj/still-non-secure/,2026-09-11T08:04:10Z,200,text/html,72339,8594448c9ad934be29161ba1a659fc1b1c5491d7efe7a6aea0cd8a1d9eb0a5cd,captured,raw/control/muddywaters/research-stj-still-non-secure.html,
muddywaters.page,https://muddywatersresearch.com/research/6594-jp/mw-is-short-nidec/,2026-09-11T08:04:12Z,200,text/html,78447,fb931af5a805dbb61edf8e76ba5154e00e370b41c5668cc5b55d836750f5396b,captured,raw/control/muddywaters/research-6594-jp-mw-is-short-nidec.html,
muddywaters.page,https://muddywatersresearch.com/research/huishan/mw-is-short-china-huishan-dairy/,2026-09-11T08:04:14Z,200,text/html,75950,140fcd49cb3c08402b44412d8c1fe3b11c6813ee900d9de2a20c4faacab5d90f,captured,raw/control/muddywaters/research-huishan-mw-is-short-china-huishan-dairy.html,
muddywaters.page,https://muddywatersresearch.com/research/manwah/mw-response-to-man-wah/,2026-09-11T08:04:16Z,200,text/html,73883,9b096ad6ef9c3325388612f07480f9d23658b8106a150f99d6e37f7d7e39658c,captured,raw/control/muddywaters/research-manwah-mw-response-to-man-wah.html,
muddywaters.page,https://muddywatersresearch.com/research/stj/stj-abt-acknowledgement/,2026-09-11T08:04:18Z,200,text/html,70583,bf84eb8e7756f53f4850d72763ca5daaf14966039cacec5e4e9a642541d47632,captured,raw/control/muddywaters/research-stj-stj-abt-acknowledgement.html,
muddywaters.page,https://muddywatersresearch.com/research/huishan/tax-bureau-evidence-of-fraud/,2026-09-11T08:04:20Z,200,text/html,73687,2c365935cf93e0675eb42cd104ab90152737325d5c119350a7c95212b2db49d8,captured,raw/control/muddywaters/research-huishan-tax-bureau-evidence-of-fraud.html,
muddywaters.page,https://muddywatersresearch.com/research/prta/mw-is-short-prothena/,2026-09-11T08:04:21Z,200,text/html,75634,2cb3af80bca906a58c360a7f1f584c3117a9f6c5f61c062b14eca73436dd6d59,captured,raw/control/muddywaters/research-prta-mw-is-short-prothena.html,
muddywaters.page,https://muddywatersresearch.com/research/osis/mw-is-short-osis/,2026-09-11T08:04:23Z,200,text/html,73487,33687d9c5841dff51b197b40f1e1ac79f0a98661eccbf1437cda42be55924445,captured,raw/control/muddywaters/research-osis-mw-is-short-osis.html,
muddywaters.page,https://muddywatersresearch.com/research/osis/lost-credibility/,2026-09-11T08:04:25Z,200,text/html,74611,b7c74e75059bc124e33490778ca0cd227e4d0fd5f047361b0599f4fa4163c830,captured,raw/control/muddywaters/research-osis-lost-credibility.html,
muddywaters.page,https://muddywatersresearch.com/research/iqe/mw-is-short-iqe/,2026-09-11T08:04:27Z,200,text/html,76297,ce5cb57bd8b76f98fda1fb825e51f423ae41b4c02a0ba6389fb7c674329b55fb,captured,raw/control/muddywaters/research-iqe-mw-is-short-iqe.html,
muddywaters.page,https://muddywatersresearch.com/research/tal/mw-is-short-tal/,2026-09-11T08:04:29Z,200,text/html,75565,7800f789c53402c11daa058a2d4ec4bd4c083c7b11ee8feae3a6d527bf9e6132,captured,raw/control/muddywaters/research-tal-mw-is-short-tal.html,
muddywaters.page,https://muddywatersresearch.com/research/tal/tal-education-part-2/,2026-09-11T08:04:31Z,200,text/html,75355,ea6bc312b9fea5fdeec358fe2a0e71fd80dd89fd918eb08fa33138290ee126c9,captured,raw/control/muddywaters/research-tal-tal-education-part-2.html,
muddywaters.page,https://muddywatersresearch.com/research/tal/tal-education-part-4/,2026-09-11T08:04:33Z,200,text/html,74065,ec3a30563fa2fd9edc615fa6be03322fca1cb3f0187b379e6b76d2ca05a69a34,captured,raw/control/muddywaters/research-tal-tal-education-part-4.html,
muddywaters.page,https://muddywatersresearch.com/research/tal/tal-education-part-3/,2026-09-11T08:04:35Z,200,text/html,73348,c5594d0d16ed1084ca7f3c0f2d6070008728ca7e0e04a5502a9ca01923b852b6,captured,raw/control/muddywaters/research-tal-tal-education-part-3.html,
muddywaters.page,https://muddywatersresearch.com/research/anta/part5/,2026-09-11T08:04:37Z,200,text/html,74638,e75c96e9f27fd5feaeaf47a56be82564e03d4cedcdf3bda9c151b463dae0d5b6,captured,raw/control/muddywaters/research-anta-part5.html,
muddywaters.page,https://muddywatersresearch.com/research/anta/part1/,2026-09-11T08:04:38Z,200,text/html,75729,8acab691f52bb6f67220a13ab5ef2495b59353d744dfd1c20f925df8d68ab457,captured,raw/control/muddywaters/research-anta-part1.html,
muddywaters.page,https://muddywatersresearch.com/research/anta/part2/,2026-09-11T08:04:40Z,200,text/html,74127,091744cc470cb12bb30dfdd4688f8a1f18d4b072c117bde08f5163e773aa5254,captured,raw/control/muddywaters/research-anta-part2.html,
muddywaters.page,https://muddywatersresearch.com/research/anta/part4/,2026-09-11T08:04:42Z,200,text/html,75083,e7d1938db3a7ce13a9687a84967f0397694d95c69b2039854cd0e03f51bf5712,captured,raw/control/muddywaters/research-anta-part4.html,
muddywaters.page,https://muddywatersresearch.com/research/anta/part3/,2026-09-11T08:04:44Z,200,text/html,74887,4025850d598cb56cd0c7c7fead2a5f59d3057cd84830c7aae6f81faf6eca445f,captured,raw/control/muddywaters/research-anta-part3.html,
muddywaters.page,https://muddywatersresearch.com/research/co/mw-statement-casino-fr/,2026-09-11T08:04:46Z,200,text/html,72974,15397bb47d26e42d550e5fcce6a0784ee273450c5021fb2beaa0e032561c68a1,captured,raw/control/muddywaters/research-co-mw-statement-casino-fr.html,
muddywaters.page,https://muddywatersresearch.com/research/co/mw-statement-casino-en/,2026-09-11T08:04:48Z,200,text/html,72675,2c9b4a8c06d323073d3a5a2f843362b3817c8a108183fd37c5a25192185793c8,captured,raw/control/muddywaters/research-co-mw-statement-casino-en.html,
muddywaters.page,https://muddywatersresearch.com/research/bur/mw-is-short/,2026-09-11T08:04:49Z,200,text/html,75550,a18364798ca9b4c2b9f9a6dc38f023dfad1da20f295e22535a92195a02780752,captured,raw/control/muddywaters/research-bur-mw-is-short.html,
muddywaters.page,https://muddywatersresearch.com/research/bur/response-distraction-and-thin-excuses/,2026-09-11T08:04:51Z,200,text/html,75572,7f5e4f05e4521b2ce08747a237bb325e58a6530c0c2a97960757c6ddd7bc3650,captured,raw/control/muddywaters/research-bur-response-distraction-and-thin-excuses.html,
muddywaters.page,https://muddywatersresearch.com/research/bur/behavioral-analysis-indicates-deception/,2026-09-11T08:04:53Z,200,text/html,74759,3551e8ab2a46b14deccc94b17ba10aec5fd4e1be94b754ac453ee093a63f14e6,captured,raw/control/muddywaters/research-bur-behavioral-analysis-indicates-deception.html,
muddywaters.page,https://muddywatersresearch.com/research/bur/was-mw-wrong-about-napo-no/,2026-09-11T08:04:55Z,200,text/html,74204,90bec9c9367ec927dcc2e064a63a40318635e318835205c981a4b34663a9b807,captured,raw/control/muddywaters/research-bur-was-mw-wrong-about-napo-no.html,
muddywaters.page,https://muddywatersresearch.com/research/bur/it-just-doesnt-get-better/,2026-09-11T08:04:57Z,200,text/html,74569,0018f5764bf3ecbce3a8b8e0ea1adc310a23c9467d54d760fceed845fd78c776,captured,raw/control/muddywaters/research-bur-it-just-doesnt-get-better.html,
muddywaters.page,https://muddywatersresearch.com/research/mfc/mw-short-manulife-financial/,2026-09-11T08:04:59Z,200,text/html,74229,f48e82388f08cd3d880ce04a72468e104c672103c9c6a927f429a40684a6a154,captured,raw/control/muddywaters/research-mfc-mw-short-manulife-financial.html,
muddywaters.page,https://muddywatersresearch.com/research/akg/mw-is-short-asanko/,2026-09-11T08:05:01Z,200,text/html,74178,6d128a6f666e1825342b479f3c97606e080e17fe5df7ba3997554ae36166e43e,captured,raw/control/muddywaters/research-akg-mw-is-short-asanko.html,
muddywaters.page,https://muddywatersresearch.com/research/akg/puppies-and-rainbows/,2026-09-11T08:05:03Z,200,text/html,73539,8c210d8ae2fff65e23366f86edefffa6c76777b86b93a2d725b6f46e56b353d8,captured,raw/control/muddywaters/research-akg-puppies-and-rainbows.html,
muddywaters.page,https://muddywatersresearch.com/research/ingn/six-key-questions-for-mgmt/,2026-09-11T08:05:05Z,200,text/html,73066,b778a1e036b8ae6c0b93a9e34dbed53239a67bf006c6956ae7dfc1d48ea4360f,captured,raw/control/muddywaters/research-ingn-six-key-questions-for-mgmt.html,
muddywaters.page,https://muddywatersresearch.com/research/ingn/mw-short-inogen/,2026-09-11T08:05:07Z,200,text/html,76317,4c0aad192a4ad25fec518ef3785bd1433e8ecaf6362c430d06c9625eb0d6eb73,captured,raw/control/muddywaters/research-ingn-mw-short-inogen.html,
muddywaters.page,https://muddywatersresearch.com/research/cifs/mw-is-short-china-internet-financial-services/,2026-09-11T08:05:09Z,200,text/html,76191,a261a613daa0d56f0c357b4baab3f2e75f019abadf48e7d5ee06115cb5ca6268,captured,raw/control/muddywaters/research-cifs-mw-is-short-china-internet-financial-services.html,
muddywaters.page,https://muddywatersresearch.com/research/4587-jp/mw-short-peptidream/,2026-09-11T08:05:10Z,200,text/html,75424,876665d0e41ffab0a5dedd0c4cf68d7979dcbcec48f07b9b16ba7051c05c622a,captured,raw/control/muddywaters/research-4587-jp-mw-short-peptidream.html,
muddywaters.page,https://muddywatersresearch.com/research/nmc/mw-is-short-nmc/,2026-09-11T08:05:12Z,200,text/html,76746,557f1b0bf3d80f950b6c58e9ef90088c5a0a007ef068d8f95f3e683d3fc8cc83,captured,raw/control/muddywaters/research-nmc-mw-is-short-nmc.html,
muddywaters.page,https://muddywatersresearch.com/research/nmc/undisclosed-share-pledges/,2026-09-11T08:05:14Z,200,text/html,75606,9055a2c791db0e014271375d08dd13a2f90898a135b1312ad5ee051ac95f1a05,captured,raw/control/muddywaters/research-nmc-undisclosed-share-pledges.html,
muddywaters.page,https://muddywatersresearch.com/research/bur/horrible-second-half-results/,2026-09-11T08:05:15Z,200,text/html,76023,b11888d05b0c1c0f1be561c06ea54bbf5c46f04f1287411c1f5ad1d5cc84d58f,captured,raw/control/muddywaters/research-bur-horrible-second-half-results.html,
muddywaters.page,https://muddywatersresearch.com/research/ehth/mw-is-short-ehealth/,2026-09-11T08:05:17Z,200,text/html,75360,eea142d84c05bfda0d1b75a751f82f9b6647ce6b318961b4e88adf4313f14fe2,captured,raw/control/muddywaters/research-ehth-mw-is-short-ehealth.html,
muddywaters.page,https://muddywatersresearch.com/research/bur/husbanding-liquidity-wife-ing-financials/,2026-09-11T08:05:18Z,200,text/html,74914,0b59327d99d3f45721dfcde93e70c1a85f64a0d1466f72062357ea0a53f95889,captured,raw/control/muddywaters/research-bur-husbanding-liquidity-wife-ing-financials.html,
muddywaters.page,https://muddywatersresearch.com/research/gsx/small-classes-big-lies/,2026-09-11T08:05:20Z,200,text/html,74294,d1955f949a81ec1cac1ec59affaefbe5171de05e926c55b391d0e6bcb10fd99e,captured,raw/control/muddywaters/research-gsx-small-classes-big-lies.html,
muddywaters.page,https://muddywatersresearch.com/research/gsx/mw-is-short-gsx/,2026-09-11T08:05:22Z,200,text/html,75222,8c07a70b78774a8ec31c71d2bfed0b20e5cc278dd8ea8071e14a772632d182c4,captured,raw/control/muddywaters/research-gsx-mw-is-short-gsx.html,
muddywaters.page,https://muddywatersresearch.com/research/ehth/booking-revenues-today-collect-in-2029/,2026-09-11T08:05:23Z,200,text/html,74817,96a5dd2a869f318cc6ed53ea6b2870d2b18a0ce0ebeb3bc857be0a149da0bfa3,captured,raw/control/muddywaters/research-ehth-booking-revenues-today-collect-in-2029.html,
muddywaters.page,https://muddywatersresearch.com/research/nnox/mw-is-short-nnox/,2026-09-11T08:05:25Z,200,text/html,75908,90b85f1e55bbedb3a9f15a7858e9227b61965f4dcbbb1f1cb4f26c0d3fa40d21,captured,raw/control/muddywaters/research-nnox-mw-is-short-nnox.html,
muddywaters.page,https://muddywatersresearch.com/research/mpln/mw-is-short-mpln/,2026-09-11T08:05:26Z,200,text/html,75553,e0dc32c7276ef9e5e362e6b2437c18e43aceb779492a7009ba44346aee326bc7,captured,raw/control/muddywaters/research-mpln-mw-is-short-mpln.html,
muddywaters.page,https://muddywatersresearch.com/research/yy/1/,2026-09-11T08:05:28Z,200,text/html,74771,9f09ad31ce27d2077a74dae3080538334e473fb853fb437eb896a6cda8002dce,captured,raw/control/muddywaters/research-yy-1.html,
muddywaters.page,https://muddywatersresearch.com/research/xl/mw-is-short-xl/,2026-09-11T08:05:29Z,200,text/html,74918,9ce4d6d69ff70183d8a1351088ceca70f64c7bd29252f1cbb33331bd9bf07d98,captured,raw/control/muddywaters/research-xl-mw-is-short-xl.html,
muddywaters.page,https://muddywatersresearch.com/research/xl/still-spac-trash/,2026-09-11T08:05:31Z,200,text/html,75519,2d3aab252a6009db0efb3363d02f4b771f096c03ff5142041733031adfe39a32,captured,raw/control/muddywaters/research-xl-still-spac-trash.html,
muddywaters.page,https://muddywatersresearch.com/research/lmnd/open-letter/,2026-09-11T08:05:33Z,200,text/html,73686,b4fd3565d32ebd438d5d5f8a2e161b29706552f6f1050d387ea2ca870f7496ca,captured,raw/control/muddywaters/research-lmnd-open-letter.html,
muddywaters.page,https://muddywatersresearch.com/research/s30/locked-doors/,2026-09-11T08:05:34Z,200,text/html,74876,9a371a16d9274276394e1034f1327061910b3c3133f8a1366bb15836448fbb2f,captured,raw/control/muddywaters/research-s30-locked-doors.html,
muddywaters.page,https://muddywatersresearch.com/research/dnmr/mw-is-short-dnmr/,2026-09-11T08:05:36Z,200,text/html,81699,22f15c78aa4cf2e0de83a0f0b49166a7c06b0020a9460141db6fbff372bff6b9,captured,raw/control/muddywaters/research-dnmr-mw-is-short-dnmr.html,
muddywaters.page,https://muddywatersresearch.com/research/beke/mw-short-beke/,2026-09-11T08:05:38Z,200,text/html,74536,ddef2f289055f9aecda2898857789999ef08b5e808969dc26504428dbcb5f783,captured,raw/control/muddywaters/research-beke-mw-short-beke.html,
muddywaters.page,https://muddywatersresearch.com/research/hasi/mw-is-short-hasi/,2026-09-11T08:05:40Z,200,text/html,74796,15fd3bb6530a3ffece9ee4fce305dff386c4e1a12ffb3044584855f5c1da2204,captured,raw/control/muddywaters/research-hasi-mw-is-short-hasi.html,
muddywaters.page,https://muddywatersresearch.com/research/run/shade-of-sunrun/,2026-09-11T08:05:41Z,200,text/html,73267,0d8542a76fb9f8f211dea6ff02f67ea991c1f70901a349eb7ea988b9e8efe1dd,captured,raw/control/muddywaters/research-run-shade-of-sunrun.html,
muddywaters.page,https://muddywatersresearch.com/research/run/mw-is-short-run/,2026-09-11T08:05:43Z,200,text/html,74000,9c79aa237d71f9fa754ef2baddfa6b16f7bf37d18f7b1f6db3432979a1492359,captured,raw/control/muddywaters/research-run-mw-is-short-run.html,
muddywaters.page,https://muddywatersresearch.com/research/hasi/is-there-a-greater-fool/,2026-09-11T08:05:45Z,200,text/html,75059,a9f5e45559b006a971efbcc52de22deb78e3faa5b21cb85a8a483d44c5f507f2,captured,raw/control/muddywaters/research-hasi-is-there-a-greater-fool.html,
muddywaters.page,https://muddywatersresearch.com/research/dlo/mw-is-short-dlo/,2026-09-11T08:05:46Z,200,text/html,75152,736973c61f09783dd2c17275fd19e6115c996fe44474d7346b88e83c2dff9e4a,captured,raw/control/muddywaters/research-dlo-mw-is-short-dlo.html,
muddywaters.page,https://muddywatersresearch.com/research/dlo/anything-in-writing/,2026-09-11T08:05:48Z,200,text/html,74069,ce9fec887c8c9dca609415b8cb7a176e7f49c340ec3793b1fd5bcbc9b74e50bd,captured,raw/control/muddywaters/research-dlo-anything-in-writing.html,
muddywaters.page,https://muddywatersresearch.com/research/vivion/shell-game/,2026-09-11T08:05:50Z,200,text/html,74101,33f11cc8f655529009e7dd88b22b5f989768c2324dfcfed0ff7ff136915c7f46,captured,raw/control/muddywaters/research-vivion-shell-game.html,
muddywaters.page,https://muddywatersresearch.com/research/vivion/you-dont-mess-with-the-dayan/,2026-09-11T08:05:51Z,200,text/html,74269,f911f057cac1f40da6f8a3f5d4fa8d348e4c718583ee99fe758b3a3450c69069,captured,raw/control/muddywaters/research-vivion-you-dont-mess-with-the-dayan.html,
muddywaters.page,https://muddywatersresearch.com/research/kdny/muddy-waters-short-chinook/,2026-09-11T08:05:53Z,200,text/html,74516,b14bccd564b0203f1c9124ee9f5d8435fcf205022ea74dcc108d90448a4e5c9b,captured,raw/control/muddywaters/research-kdny-muddy-waters-short-chinook.html,
muddywaters.page,https://muddywatersresearch.com/research/kdny/chinook-more-deception/,2026-09-11T08:05:55Z,200,text/html,74885,f8162c6625731230b44f6be68329d68163765a05a3929f4df094cc0b1bd76c81,captured,raw/control/muddywaters/research-kdny-chinook-more-deception.html,
muddywaters.page,https://muddywatersresearch.com/research/vivion/vivion-exchanging-reality/,2026-09-11T08:05:56Z,200,text/html,74271,48b21bb530a8ca2ffcda907178d4335dd81a25d60ae6f4f6d7aed136b887d56d,captured,raw/control/muddywaters/research-vivion-vivion-exchanging-reality.html,
muddywaters.page,https://muddywatersresearch.com/research/run/just-making-it-up/,2026-09-11T08:05:58Z,200,text/html,74631,50e67f2257754beca165c76e1cdcb634bcb3c492d75ea2aba5f5de9326b1354b,captured,raw/control/muddywaters/research-run-just-making-it-up.html,
muddywaters.page,https://muddywatersresearch.com/research/run/a-muddy-waters-mistake/,2026-09-11T08:05:59Z,200,text/html,74047,6d879f219b81c7727652ee10781a8830fc5e462bc9fbb5677bd6bbbb6001c229,captured,raw/control/muddywaters/research-run-a-muddy-waters-mistake.html,
muddywaters.page,https://muddywatersresearch.com/research/cpipgr/mw-short-credit-cpipgr/,2026-09-11T08:06:01Z,200,text/html,75234,a59dddf579b56faae28728f5adceaf291ac68a0b3a288ef8141ed29c367d40fb,captured,raw/control/muddywaters/research-cpipgr-mw-short-credit-cpipgr.html,
muddywaters.page,https://muddywatersresearch.com/research/cpipgr/please-explain/,2026-09-11T08:06:02Z,200,text/html,74480,f539682eacfa043a8b73d013906f28a3f380090da004ab784589bbcd615e4c2c,captured,raw/control/muddywaters/research-cpipgr-please-explain.html,
muddywaters.page,https://muddywatersresearch.com/research/bxmt/mw-is-short-bxmt/,2026-09-11T08:06:03Z,200,text/html,74767,bbd153cc3be661d054bdc98ed0932da5470b2a59af85898ac81c607be06c8c44,captured,raw/control/muddywaters/research-bxmt-mw-is-short-bxmt.html,
muddywaters.page,https://muddywatersresearch.com/research/cpipgr/part-2/,2026-09-11T08:06:05Z,200,text/html,74292,8539ea37068e3c6dba0e8fb674c1f902b47081d23605dd4d5967b61849177910,captured,raw/control/muddywaters/research-cpipgr-part-2.html,
muddywaters.page,https://muddywatersresearch.com/research/cpipgr/part-3/,2026-09-11T08:06:07Z,200,text/html,74010,85df2449567e30540ea947782585bcc4f04399c16aadc4950921b9ec2688295b,captured,raw/control/muddywaters/research-cpipgr-part-3.html,
muddywaters.page,https://muddywatersresearch.com/research/ffh/questions-for-ffh/,2026-09-11T08:06:08Z,200,text/html,73747,ecfc234fb7190ab2107c2539014f5fd8cd426297c2e6876e1eea330671fbb8d0,captured,raw/control/muddywaters/research-ffh-questions-for-ffh.html,
muddywaters.page,https://muddywatersresearch.com/research/ffh/mw-is-short-ffh/,2026-09-11T08:06:10Z,200,text/html,73912,17b795a0b37a30169d785f8915ce9af86e8c14337b54eb815b3ededc12c4952e,captured,raw/control/muddywaters/research-ffh-mw-is-short-ffh.html,
muddywaters.page,https://muddywatersresearch.com/research/cpipgr/questions/,2026-09-11T08:06:11Z,200,text/html,73596,18e6792ef2cafd4a5b1474e520b4d6166ae79b6c08cbc752fd16d29cde01bb80,captured,raw/control/muddywaters/research-cpipgr-questions.html,
muddywaters.page,https://muddywatersresearch.com/research/cpipgr/rhymes-with-pondering/,2026-09-11T08:06:13Z,200,text/html,74193,fad5a06287a05d8dce32c78917fbe9c681a5eef50ed3019b41b8fe68b5f69142,captured,raw/control/muddywaters/research-cpipgr-rhymes-with-pondering.html,
muddywaters.page,https://muddywatersresearch.com/research/cpipgr/soaring_bs/,2026-09-11T08:06:14Z,200,text/html,74837,c1b5589b17e4a1025f35bd1466efe9974e92cf0893ab9f185ee37378f63de5d0,captured,raw/control/muddywaters/research-cpipgr-soaring-bs.html,
muddywaters.page,https://muddywatersresearch.com/research/erf-fp/mw-is-short-eurofins/,2026-09-11T08:06:16Z,200,text/html,76209,c765b318de1b008c1a61cc112a61e143d425ce76c04155a1b6d65ca8ec33e623,captured,raw/control/muddywaters/research-erf-fp-mw-is-short-eurofins.html,
muddywaters.page,https://muddywatersresearch.com/research/erf-fp/nothing-but-net/,2026-09-11T08:06:17Z,200,text/html,74999,f23e896e9f204af833d38fb9a114f22722fa397bef59d1404930568173d44112,captured,raw/control/muddywaters/research-erf-fp-nothing-but-net.html,
muddywaters.page,https://muddywatersresearch.com/research/erf-fp/more-cash-questions/,2026-09-11T08:06:19Z,200,text/html,74166,ba02cd4745b8d105b9b8661b2ead3fe8d4d8fe640f4dfc492cb8d0d774d19315,captured,raw/control/muddywaters/research-erf-fp-more-cash-questions.html,
muddywaters.page,https://muddywatersresearch.com/research/elf/mw-is-short-elf/,2026-09-11T08:06:20Z,200,text/html,75047,613672ebc796053d0a5070b3b23735c0219502bcfc0c29a66a54e0a478b524fa,captured,raw/control/muddywaters/research-elf-mw-is-short-elf.html,
muddywaters.page,https://muddywatersresearch.com/research/2025/mw-short-01152025/,2026-09-11T08:06:22Z,200,text/html,74336,2baca90e13cd732a4eb5394295f31b4e9f601f334c861b434312c62b5d50b040,captured,raw/control/muddywaters/research-2025-mw-short-01152025.html,
muddywaters.page,https://muddywatersresearch.com/research/2025/ftai-violating-us-sanctions/,2026-09-11T08:06:24Z,200,text/html,75044,9815b079f1900ce429068d6fef589f60572d29a8a67bbcf524f0c318c5b305a4,captured,raw/control/muddywaters/research-2025-ftai-violating-us-sanctions.html,
muddywaters.page,https://muddywatersresearch.com/research/2025/mw-short-app/,2026-09-11T08:06:25Z,200,text/html,74103,9b2ed01adbe96708657123c99f92752b5e470676fbee7c84594aca0828da2d24,captured,raw/control/muddywaters/research-2025-mw-short-app.html,
muddywaters.page,https://muddywatersresearch.com/research/2025/app-persistent-lies/,2026-09-11T08:06:27Z,200,text/html,74294,81f8f1c47b9949ecc24a80f632e1f2b73dfacecbac4ee56fe3befc361297753c,captured,raw/control/muddywaters/research-2025-app-persistent-lies.html,
muddywaters.page,https://muddywatersresearch.com/research/2026/mw-short-0317/,2026-09-11T08:06:28Z,200,text/html,74868,efe9ceab68ba0e07f720d39773b372dc65bc4e0728deaf60ad488b2e95160617,captured,raw/control/muddywaters/research-2026-mw-short-0317.html,
muddywaters.page,https://muddywatersresearch.com/research/2026/sofi-11-questions/,2026-09-11T08:06:30Z,200,text/html,74192,9899af542583279335a45e377c4c67bf68bb74a006218b323b5a971a9cc18ca5,captured,raw/control/muddywaters/research-2026-sofi-11-questions.html,
muddywaters.page,https://muddywatersresearch.com/research/2026/mw-sofi-borrowingsales-0330/,2026-09-11T08:06:32Z,200,text/html,74600,839e5a6fd593bf35ada72b334752d1b5fc6fc0ad0669145055a5a9d14a9b721f,captured,raw/control/muddywaters/research-2026-mw-sofi-borrowingsales-0330.html,
muddywaters.page,https://muddywatersresearch.com/research/2026/mw-is-short-srad/,2026-09-11T08:06:34Z,200,text/html,76654,ce1f9c71df55a322b587233916c8274e985d3e60bc7ba23427f98e2fd90266f1,captured,raw/control/muddywaters/research-2026-mw-is-short-srad.html,
muddywaters.page,https://muddywatersresearch.com/research/2026/mw-is-short-ensg/,2026-09-11T08:06:36Z,200,text/html,77370,c272eb5876e1ef6a50e3fcbdb8ce19ddae82d3c4e4f553f1a44d35a699b19bcb,captured,raw/control/muddywaters/research-2026-mw-is-short-ensg.html,
nightmarket.page,https://nightmarketresearch.com/poet/,2026-09-11T08:26:37Z,200,text/html,237520,06b9ab4a5b87a3b51c52ddf78a77cfbf77d882c5e8f8bdd7b83b924537f22952,captured,raw/control/nightmarket/poet.html,
nightmarket.page,https://nightmarketresearch.com/bysi/,2026-09-11T08:26:39Z,200,text/html,153897,90b77fa40f8575b067c3a6f4d501da0930637d038a95adc60f3cde06ebff6dc1,captured,raw/control/nightmarket/bysi.html,
nightmarket.page,https://nightmarketresearch.com/nn/,2026-09-11T08:26:40Z,200,text/html,169745,753567e36151c266af24b90ef72b0da28aa94005dd69af10d0ef2dda79f3a90e,captured,raw/control/nightmarket/nn.html,
nightmarket.page,https://nightmarketresearch.com/usar/,2026-09-11T08:26:42Z,200,text/html,174060,be894480d748de04e686d33145d285ac322dd29a055927a4d5ef77f27b0bfc3c,captured,raw/control/nightmarket/usar.html,
nightmarket.page,https://nightmarketresearch.com/zyxi-undisclosed-loss/,2026-09-11T08:26:44Z,200,text/html,112787,1131368c67163fee3bf17f74c8c8674cc3897766c4d8c21da9c2fb9a0bb6cd4c,captured,raw/control/nightmarket/zyxi-undisclosed-loss.html,
nightmarket.page,https://nightmarketresearch.com/dave/,2026-09-11T08:26:46Z,200,text/html,119581,8289838b7ce04183bee703145c5cfe237df1257907b8c33312b2a99413423974,captured,raw/control/nightmarket/dave.html,
nightmarket.page,https://nightmarketresearch.com/verses/,2026-09-11T08:26:48Z,200,text/html,173230,2f3850c8d48ca9e5b5c4c8ca1a1f6edfc6aa7786d5e7e56bd9695d1887b9fb5c,captured,raw/control/nightmarket/verses.html,
nightmarket.page,https://nightmarketresearch.com/mond/,2026-09-11T08:26:50Z,200,text/html,129413,75a4a9e9755b7ae4584eff2d521e55a6fe596358c597d00847a8d6b3c106ac5a,captured,raw/control/nightmarket/mond.html,
nightmarket.page,https://nightmarketresearch.com/pmet/,2026-09-11T08:26:52Z,200,text/html,185785,a9add2f2e6b5aa3cce56ad0c693057ab0dae3d0cefbd8bacadc14622abb4b6f0,captured,raw/control/nightmarket/pmet.html,
nightmarket.page,https://nightmarketresearch.com/smrt/,2026-09-11T08:26:54Z,200,text/html,127956,3e795f6fc75a48ce80c6c23ef19edfb6629a54221485d4599437133400012a77,captured,raw/control/nightmarket/smrt.html,
nightmarket.page,https://nightmarketresearch.com/akerna-undisclosed-probable-contract-cancellation-coupled-with-low-cash-balance-equals-near-term-headline-risk/,2026-09-11T08:26:56Z,200,text/html,97400,b4b3c13fb3ae21656f5d5927822671ca172a96ab0f04e71f6b6e56f430ebb12d,captured,raw/control/nightmarket/akerna-undisclosed-probable-contract-cancellation-coupled-with-low-cash-balance-equals-nea.html,
nightmarket.page,https://nightmarketresearch.com/fuelcell-energy-material-undisclosed-project-award-losses-70-downside/,2026-09-11T08:26:58Z,200,text/html,116361,ef72bde3703d90bd174fa5b787f0a3bdacaca3a98f65af50dfd4409e516e92ec,captured,raw/control/nightmarket/fuelcell-energy-material-undisclosed-project-award-losses-70-downside.html,
nightmarket.page,https://nightmarketresearch.com/aurora-cannabis-death-spiral-financing-in-disguise-longs-beware/,2026-09-11T08:27:00Z,200,text/html,93610,97b29180a108fd4d3cbe44dd70522c5b9c1ea0815e5dbd5718672d593bfbdc64,captured,raw/control/nightmarket/aurora-cannabis-death-spiral-financing-in-disguise-longs-beware.html,
nightmarket.page,https://nightmarketresearch.com/veritone-dont-believe-the-hype/,2026-09-11T08:27:02Z,200,text/html,112269,d99f855c76ce65891bb023252e6f26fc65ada25f39387db7b788aa25277666d7,captured,raw/control/nightmarket/veritone-dont-believe-the-hype.html,
nightmarket.page,https://nightmarketresearch.com/fuelcell-energy-update-foia-records-suggest-company-knew-of-award-losses-while-issuing-hundreds-of-millions-of-new-shares/,2026-09-11T08:27:04Z,200,text/html,113705,2de36786cf0dc01a44ca641846a0f59c1cd8faf264d67b5bdd5397ba89028bf1,captured,raw/control/nightmarket/fuelcell-energy-update-foia-records-suggest-company-knew-of-award-losses-while-issuing-hun.html,
nightmarket.page,https://nightmarketresearch.com/zynex-deteriorating-fundamentals-and-signs-of-reimbursement-pressure/,2026-09-11T08:27:07Z,200,text/html,191911,3e77ae6fd0ab38a1037e2522c7e766aea7516fd7051d37b4a82b9ef1d87e7a7f,captured,raw/control/nightmarket/zynex-deteriorating-fundamentals-and-signs-of-reimbursement-pressure.html,
nightmarket.page,https://nightmarketresearch.com/nymox-pharmaceutical-employee-resume-substantiates-concerns/,2026-09-11T08:27:09Z,200,text/html,100790,92f2b5ae00085bbadba651d79339d31c7d1a6617701609d40839790921f9a44e,captured,raw/control/nightmarket/nymox-pharmaceutical-employee-resume-substantiates-concerns.html,
nightmarket.page,https://nightmarketresearch.com/cormedix-infected-with-hype-valuation-swollen/,2026-09-11T08:27:11Z,200,text/html,137740,41aee88fcb90b9aa5892c852b4a92b25d80456a7b8d1221511dcd150d10c9e60,captured,raw/control/nightmarket/cormedix-infected-with-hype-valuation-swollen.html,
nightmarket.page,https://nightmarketresearch.com/mountain-valley-md-aggressive-stock-promotion-and-hollow-science-100-downside/,2026-09-11T08:27:14Z,200,text/html,174072,c6e982df379f26323617bf799657b74a4f53a2a6be5b1f3a179f8a99bdd0ddd5,captured,raw/control/nightmarket/mountain-valley-md-aggressive-stock-promotion-and-hollow-science-100-downside.html,
nightmarket.page,https://nightmarketresearch.com/cielo-waste-solutions-related-party-jvs-mask-financial-vulnerability/,2026-09-11T08:27:16Z,200,text/html,138163,316f2ed542f6e87dc360e9c5f800e2ec0cb4c3d97179213adc0f6c127ef2707e,captured,raw/control/nightmarket/cielo-waste-solutions-related-party-jvs-mask-financial-vulnerability.html,
nightmarket.page,https://nightmarketresearch.com/zyxi/,2026-09-11T08:27:19Z,200,text/html,144950,668678f0f57c920d35880a55043782d3f0b739f7c8bd17d250b53e4398e9396e,captured,raw/control/nightmarket/zyxi.html,
nightmarket.page,https://nightmarketresearch.com/cmc-update/,2026-09-11T08:27:20Z,200,text/html,112418,65f8e553c291f452fd2bf72a0cb2250124fa6026104d07344ef688c0be604eba,captured,raw/control/nightmarket/cmc-update.html,
nightmarket.page,https://nightmarketresearch.com/zentek/,2026-09-11T08:27:22Z,200,text/html,171151,b9a3fda95fac6ab292345ab8f120c17f04fb6afed293d4e95af7160ed8529de1,captured,raw/control/nightmarket/zentek.html,
nightmarket.page,https://nightmarketresearch.com/ondas/,2026-09-11T08:27:24Z,200,text/html,145697,b30ea3bffdcba654e179ac5b4072edecc7c20dfdc8b9e4fd4e06b575b4cd108e,captured,raw/control/nightmarket/ondas.html,
nightmarket.page,https://nightmarketresearch.com/zentek-update/,2026-09-11T08:27:27Z,200,text/html,137674,e3d95d33bec303dafc6f106bdef4226a59ebfd8ea1e44ba46c1233f5a85be348,captured,raw/control/nightmarket/zentek-update.html,
nightmarket.page,https://nightmarketresearch.com/ibat/,2026-09-11T08:27:28Z,200,text/html,125603,63cdeec3558758686ee3367a5cece70aa5333e8ee3239c3dc6c8d46be57cc3a0,captured,raw/control/nightmarket/ibat.html,
jcapital.page,https://www.jcapitalresearch.com/nearmap.html,2026-09-11T08:27:30Z,200,text/html,59524,2bc20f11d9c460e6230ae2d5650f144fa04fc5d7f897b5d12ddef3670d2a3d49,captured,raw/control/jcapital/nearmap-html.html,
jcapital.page,https://www.jcapitalresearch.com/join-our-list-old.html,2026-09-11T08:27:32Z,200,text/html,53797,b897568cc201631851fc2a83aa6e1b838b61072f8dd808ae86baa60778b4ec65,captured,raw/control/jcapital/join-our-list-old-html.html,
jcapital.page,https://www.jcapitalresearch.com/blog.html,2026-09-11T08:27:34Z,200,text/html,55544,5d6b641c086e8e446891ccfb47b18c9e3fd71fa15479de41dd03833789f9bc31,captured,raw/control/jcapital/blog-html.html,
jcapital.page,https://www.jcapitalresearch.com/cdxc.html,2026-09-11T08:27:36Z,200,text/html,71344,0acf18c787dbf8f102abeab2f9de68795973edd5e398afd56a21c2654b2b64e8,captured,raw/control/jcapital/cdxc-html.html,
jcapital.page,https://www.jcapitalresearch.com/axti-terms-of-service.html,2026-09-11T08:27:37Z,200,text/html,63152,1a93030a7e78ca28915c962247eecd801d8aee379dbc4551993bd72cb1b9ea6a,captured,raw/control/jcapital/axti-terms-of-service-html.html,
jcapital.page,https://www.jcapitalresearch.com/hut.html,2026-09-11T08:27:39Z,200,text/html,63964,4f347fb9395bf509ddbd08a2e97a052359d001a58224cfbae6b5bc3f5ccb94f0,captured,raw/control/jcapital/hut-html.html,
jcapital.page,https://www.jcapitalresearch.com/ispr.html,2026-09-11T08:27:41Z,200,text/html,57522,e4255c86aa0b4ea26bc773252bab2ee1a165c0cf5d6f49911827a01b0fed6088,captured,raw/control/jcapital/ispr-html.html,
jcapital.page,https://www.jcapitalresearch.com/northern-dynasty.html,2026-09-11T08:27:42Z,200,text/html,59391,5d24d1b023887300de9d303f673cf73188c835ac3908c05a060a98e82f5bc14d,captured,raw/control/jcapital/northern-dynasty-html.html,
jcapital.page,https://www.jcapitalresearch.com/equity-dispatch.html,2026-09-11T08:27:44Z,200,text/html,52874,6e3da949db9372ce8a1075f764bc7d33a257fc777425f3e2e21e5b6a2f476ac6,captured,raw/control/jcapital/equity-dispatch-html.html,
jcapital.page,https://www.jcapitalresearch.com/access-denied.html,2026-09-11T08:27:45Z,200,text/html,53546,ee5861636fe4e1c13fc16fad421b7242199bcbe092fdd2102f8b64605deebbf5,captured,raw/control/jcapital/access-denied-html.html,
jcapital.page,https://www.jcapitalresearch.com/btcm.html,2026-09-11T08:27:47Z,200,text/html,56673,489a112cbd32a168f9e13db8557bf71131aa038ffc4b4b0c450a35697d462938,captured,raw/control/jcapital/btcm-html.html,
jcapital.page,https://www.jcapitalresearch.com/j-cap-podcast.html,2026-09-11T08:27:48Z,200,text/html,64274,65e0d7c103dbf4c4c4208a1e2d664707531139c38a0419d1c6d2e4ef2006af72,captured,raw/control/jcapital/j-cap-podcast-html.html,
jcapital.page,https://www.jcapitalresearch.com/nearmap-terms-of-service.html,2026-09-11T08:27:50Z,200,text/html,63643,a6070c8dc2496e532e2222d72c6c96ef88fe515276705fe4fc7e1e21f06038d3,captured,raw/control/jcapital/nearmap-terms-of-service-html.html,
jcapital.page,https://www.jcapitalresearch.com/cpi-subscribers.html,2026-09-11T08:27:52Z,200,text/html,9562,a6ec00d7819fed0d1b421950c81f5c89f694e6c53d92d5501fbafabde744f2ae,captured,raw/control/jcapital/cpi-subscribers-html.html,
jcapital.page,https://www.jcapitalresearch.com/nne-terms-of-service.html,2026-09-11T08:27:54Z,200,text/html,62389,f8b3ad454a355d3a33223b2a6ab49eedc8894fabebb281b561106d39dea0dc1d,captured,raw/control/jcapital/nne-terms-of-service-html.html,
jcapital.page,https://www.jcapitalresearch.com/btcm-terms-of-service.html,2026-09-11T08:27:55Z,200,text/html,62389,d5dd4194c6576c9684737a55b43190c0fd0721ed38a75f4aed03a38f8a16af5d,captured,raw/control/jcapital/btcm-terms-of-service-html.html,
jcapital.page,https://www.jcapitalresearch.com/btbt.html,2026-09-11T08:27:57Z,200,text/html,67880,29a166f0f242ae674c3c367a58a4fd99ab2e7a338517b5cb93f5a9f38fc95643,captured,raw/control/jcapital/btbt-html.html,
jcapital.page,https://www.jcapitalresearch.com/nne.html,2026-09-11T08:27:59Z,200,text/html,59265,a9c7612655991efba57ad43f8cbdc4e0b4af45779cec585c9ee32fde70d4e12d,captured,raw/control/jcapital/nne-html.html,
jcapital.page,https://www.jcapitalresearch.com/public-research.html,2026-09-11T08:28:00Z,200,text/html,61525,15f00bc90c79d02d2a23f2d7d49338b48555f52f167f8672413294f9586bd7bc,captured,raw/control/jcapital/public-research-html.html,
jcapital.page,https://www.jcapitalresearch.com/enph.html,2026-09-11T08:28:02Z,200,text/html,56733,ea8646a73262d05c03e6491c947c62c19e673fb7ccf01ea3e4f957e8197d9e47,captured,raw/control/jcapital/enph-html.html,
jcapital.page,https://www.jcapitalresearch.com/btbt-terms-of-service.html,2026-09-11T08:28:03Z,200,text/html,62259,9cb6e918d6e8270c79892b93f34099016651af61ecaf55d94f07e41240b51b93,captured,raw/control/jcapital/btbt-terms-of-service-html.html,
jcapital.page,https://www.jcapitalresearch.com/research.html,2026-09-11T08:28:05Z,200,text/html,80724,0f4103bc11e2681404b3d46af8e2105e8a06ae59268e6fe93dc90f3502f74d3f,captured,raw/control/jcapital/research-html.html,
jcapital.page,https://www.jcapitalresearch.com/terms-of-service.html,2026-09-11T08:28:07Z,200,text/html,63139,63205b6b9c8ac99371cf67c728d84f56a4591dc39e4c858c2385ee6990243a6e,captured,raw/control/jcapital/terms-of-service-html.html,
jcapital.page,https://www.jcapitalresearch.com/ccrc.html,2026-09-11T08:28:08Z,200,text/html,59238,7124af5279d3a5b1ee709c31475b93719f9b15687f84048ffa2f8719c0078ff9,captured,raw/control/jcapital/ccrc-html.html,
jcapital.page,https://www.jcapitalresearch.com/2001325991.html,2026-09-11T08:28:10Z,200,text/html,60076,1c92db5ca172c6b9fea4724fd66c802ad5fd670d6ebf47c4f7e98a10fbe19187,captured,raw/control/jcapital/2001325991-html.html,
jcapital.page,https://www.jcapitalresearch.com/mq.html,2026-09-11T08:28:11Z,200,text/html,63759,043b0d43d60c463b09d97735055c3eb4291509785fce9f700ff16e6e54308846,captured,raw/control/jcapital/mq-html.html,
jcapital.page,https://www.jcapitalresearch.com/axti.html,2026-09-11T08:28:13Z,200,text/html,62037,d01c303267b87603107a93a5cec0319b2ecbac799fc67028276476302dfe9474,captured,raw/control/jcapital/axti-html.html,
jcapital.page,https://www.jcapitalresearch.com/ipo.html,2026-09-11T08:28:15Z,200,text/html,55541,d709c64d128591593013b9d30ad625c4630fcbf628c6968d5d2b768267e2c5ee,captured,raw/control/jcapital/ipo-html.html,
jcapital.page,https://www.jcapitalresearch.com/mara-terms-of-service.html,2026-09-11T08:28:16Z,200,text/html,63126,bc38f193b3dc42815bd9fc91b4e347e447e44eb89be0646fd1fb00144bba1ba6,captured,raw/control/jcapital/mara-terms-of-service-html.html,
jcapital.page,https://www.jcapitalresearch.com/join-our-list.html,2026-09-11T08:28:18Z,200,text/html,55797,7f037b006754e4296b341b8e2a3819b9be8469b4281a2868e4ca2d10f5a26a9a,captured,raw/control/jcapital/join-our-list-html.html,
jcapital.page,https://www.jcapitalresearch.com/staa.html,2026-09-11T08:28:19Z,200,text/html,64427,4ae716e32fc37b0c58fef29c0b71b757b70f43604bd1f4b9a14d8b34b6386c03,captured,raw/control/jcapital/staa-html.html,
jcapital.page,https://www.jcapitalresearch.com/btmd-terms-of-service.html,2026-09-11T08:28:21Z,200,text/html,62383,5457332c5700b72c2f680412acf6eba89d0d0ebe9376769e627853d79d1323c5,captured,raw/control/jcapital/btmd-terms-of-service-html.html,
jcapital.page,https://www.jcapitalresearch.com/wtc.html,2026-09-11T08:28:22Z,200,text/html,67349,aefded1b3e39550b64b82bc3cdbd29a062051b8860e2250876a81bd0135f62f7,captured,raw/control/jcapital/wtc-html.html,
jcapital.page,https://www.jcapitalresearch.com/podcast-season-2.html,2026-09-11T08:28:24Z,200,text/html,61932,87cacdbd49056f61e5a174834764dc63aa59d9feb6c33542bd50a41ae9af9cf1,captured,raw/control/jcapital/podcast-season-2-html.html,
jcapital.page,https://www.jcapitalresearch.com/yriv.html,2026-09-11T08:28:26Z,200,text/html,55975,4da0ba974e29347dce5db3051832c0f2e57a985b6832d7d87113e678824d57df,captured,raw/control/jcapital/yriv-html.html,
jcapital.page,https://www.jcapitalresearch.com/tpic.html,2026-09-11T08:28:27Z,200,text/html,63115,f8a03e093173810936cfd33611d9fed7acc2a87b77d6cca068b57f93ed278bdd,captured,raw/control/jcapital/tpic-html.html,
jcapital.page,https://www.jcapitalresearch.com/acmr.html,2026-09-11T08:28:29Z,200,text/html,76265,050ada9d308f754564830cc5ed331d070203fba6182f39ea61b809eed758570f,captured,raw/control/jcapital/acmr-html.html,
jcapital.page,https://www.jcapitalresearch.com/ng-terms-of-service.html,2026-09-11T08:28:30Z,200,text/html,62263,ef8b1eda47c2da0800616b8ebec2abeb51f65d38dbd0154c2f98196487fedf33,captured,raw/control/jcapital/ng-terms-of-service-html.html,
jcapital.page,https://www.jcapitalresearch.com/tpic-terms-of-service.html,2026-09-11T08:28:32Z,200,text/html,62192,92e58237eedfff59cf785d9c3bfe9295953239273eb8c05ddba2336e5bcffccd,captured,raw/control/jcapital/tpic-terms-of-service-html.html,
jcapital.page,https://www.jcapitalresearch.com/cbat-site-visits.html,2026-09-11T08:28:34Z,200,text/html,99938,760ae6bae5dd282f5ce75e3d25a1d642792ce7b3c50351644b3e50a81b9efe18,captured,raw/control/jcapital/cbat-site-visits-html.html,
jcapital.page,https://www.jcapitalresearch.com/acmr-terms-of-service.html,2026-09-11T08:28:35Z,200,text/html,62708,b4580d7d6280b7225e677fbdc3a34d6778d79a0905344de8e12535f438f4f152,captured,raw/control/jcapital/acmr-terms-of-service-html.html,
jcapital.page,https://www.jcapitalresearch.com/ffx-terms-of-service.html,2026-09-11T08:28:37Z,200,text/html,63693,41a2aaed8c41ae092536cf10901f6cbd182bad3701c02b49ff522946b14b1d84,captured,raw/control/jcapital/ffx-terms-of-service-html.html,
jcapital.page,https://www.jcapitalresearch.com/idex-terms-of-service.html,2026-09-11T08:28:38Z,200,text/html,62280,31ab08b5e806e000b2a56433884dcc84d37832875b7bf7e65a7e20798f9627fd,captured,raw/control/jcapital/idex-terms-of-service-html.html,
jcapital.page,https://www.jcapitalresearch.com/ffie-terms-of-service.html,2026-09-11T08:28:40Z,200,text/html,62326,1cb2580c99493974c537c8eed61ab0c5ed2a9a94d05d85a35c38034edbb06d7b,captured,raw/control/jcapital/ffie-terms-of-service-html.html,
jcapital.page,https://www.jcapitalresearch.com/amli-terms-of-service.html,2026-09-11T08:28:41Z,200,text/html,62386,a8e17b5bd4d799ba2201ad1da78f2b0511f9c4d1207b462229ef885893af1d05,captured,raw/control/jcapital/amli-terms-of-service-html.html,
jcapital.page,https://www.jcapitalresearch.com/boohoocom.html,2026-09-11T08:28:43Z,200,text/html,56662,285f990739e965b000f92d8156ec3072da94de86d550eee7fe5f0d4c3b9ede13,captured,raw/control/jcapital/boohoocom-html.html,
jcapital.page,https://www.jcapitalresearch.com/supx.html,2026-09-11T08:28:45Z,200,text/html,59434,74102cd2c46aef6171b78ee9c3c2ef9a6c5bf04c6442309e221273f8dc871fef,captured,raw/control/jcapital/supx-html.html,
jcapital.page,https://www.jcapitalresearch.com/northern-dynasty-terms-of-service.html,2026-09-11T08:28:46Z,200,text/html,62320,775e9cd41dd9925eaecbcab95776502f52d81264cc98cea303054ef8fe6074a5,captured,raw/control/jcapital/northern-dynasty-terms-of-service-html.html,
jcapital.page,https://www.jcapitalresearch.com/srne.html,2026-09-11T08:28:48Z,200,text/html,59230,eda3119ecf4fba9cfeb8e2cd631da74b11a1008b36325c28909fa91fd79b0fec,captured,raw/control/jcapital/srne-html.html,
jcapital.page,https://www.jcapitalresearch.com/aan-terms-of-service.html,2026-09-11T08:28:49Z,200,text/html,62389,65cd33dc5bb7ad616ea57735774e4a63ea24079c4793b9ea75dca4d620d15652,captured,raw/control/jcapital/aan-terms-of-service-html.html,
jcapital.page,https://www.jcapitalresearch.com/careers.html,2026-09-11T08:28:51Z,200,text/html,54214,92d4b3097a43375fa7d1e1957eaf181dab4281f486b931bbbb98a0a6a65a36f5,captured,raw/control/jcapital/careers-html.html,
jcapital.page,https://www.jcapitalresearch.com/ispr-terms-of-service.html,2026-09-11T08:28:52Z,200,text/html,62272,d573ac7411c1324486e1e51015f44a88f3dd469ee4093bbc81e3cb8e8bbc4049,captured,raw/control/jcapital/ispr-terms-of-service-html.html,
jcapital.page,https://www.jcapitalresearch.com/bgne.html,2026-09-11T08:28:54Z,200,text/html,61479,a331fd98b44b2ec4b7e4ee2ab98b16df0a48a680a4cda2de5311aa6810ea1eea,captured,raw/control/jcapital/bgne-html.html,
jcapital.page,https://www.jcapitalresearch.com/cbat.html,2026-09-11T08:28:56Z,200,text/html,69629,b218b14ea7802f61e5ed6d4d59a292c54d2d22ad247f9d0346b55071ac46c16f,captured,raw/control/jcapital/cbat-html.html,
jcapital.page,https://www.jcapitalresearch.com/wtc-terms-of-service.html,2026-09-11T08:28:57Z,200,text/html,63706,ba0269fa16afe788f798e312a693246b8b4acacb070c495846098dbba5eb7028,captured,raw/control/jcapital/wtc-terms-of-service-html.html,
jcapital.page,https://www.jcapitalresearch.com/real-vision.html,2026-09-11T08:28:59Z,200,text/html,58733,23e15dfbde03bfb80696f0fdc371d11a31d091b43ee3dbc3408e217800d67996,captured,raw/control/jcapital/real-vision-html.html,
jcapital.page,https://www.jcapitalresearch.com/mark.html,2026-09-11T08:29:00Z,200,text/html,59432,c44ef262fb61bbaf945f01de6655c23e7c687c2a93625669f65df89909104371,captured,raw/control/jcapital/mark-html.html,
jcapital.page,https://www.jcapitalresearch.com/fanh.html,2026-09-11T08:29:02Z,200,text/html,56964,b574a1448dd9e6f5ab749cd2b57f1423d5c378e949a3cd75e66a5f5d8906c5b6,captured,raw/control/jcapital/fanh-html.html,
jcapital.page,https://www.jcapitalresearch.com/amli.html,2026-09-11T08:29:04Z,200,text/html,59199,d8b23a1428ed2474b43d8a264435c8536c7bede9e1c9831b4c09a9873cea380e,captured,raw/control/jcapital/amli-html.html,
jcapital.page,https://www.jcapitalresearch.com/inod-terms-of-service.html,2026-09-11T08:29:05Z,200,text/html,63212,1adcd3d7c79439782cdce132b526ab9557cf32f04ddd5f4db47ae856aa6f4e67,captured,raw/control/jcapital/inod-terms-of-service-html.html,
jcapital.page,https://www.jcapitalresearch.com/staa-terms-of-service.html,2026-09-11T08:29:07Z,200,text/html,62273,a0e63cecf7b483b9c89fdee522d828febf45d5f7c48458495f2badc1293d2f8c,captured,raw/control/jcapital/staa-terms-of-service-html.html,
jcapital.page,https://www.jcapitalresearch.com/wisetech.html,2026-09-11T08:29:08Z,200,text/html,59472,97ab8b33ba6ad36fb888bc0ad99645497470019531da4eb19bfe2a769aa59284,captured,raw/control/jcapital/wisetech-html.html,
jcapital.page,https://www.jcapitalresearch.com/aos-terms-of-service.html,2026-09-11T08:29:10Z,200,text/html,62494,eb94d3d9d91151d47691d2a3c09f2b95d4bccf171aba986a408fd43dda7cb658,captured,raw/control/jcapital/aos-terms-of-service-html.html,
jcapital.page,https://www.jcapitalresearch.com/uxin.html,2026-09-11T08:29:12Z,200,text/html,57002,65947b7f699b3fa801dd0b3ca9cc247e5735e23e937f41eb4de73a005edf448c,captured,raw/control/jcapital/uxin-html.html,
jcapital.page,https://www.jcapitalresearch.com/press-inquiries.html,2026-09-11T08:29:13Z,200,text/html,58207,fe3fc997ea2ce9c7ab1431d0756db59e9196d89f3a5b11c150e2f85ba9891b73,captured,raw/control/jcapital/press-inquiries-html.html,
jcapital.page,https://www.jcapitalresearch.com/aan.html,2026-09-11T08:29:15Z,200,text/html,57987,00e05195616c5c9d3db7dbf6e9aba4ab9c48ef08b412399562ab6d0f4ffb0a67,captured,raw/control/jcapital/aan-html.html,
jcapital.page,https://www.jcapitalresearch.com/china-equities.html,2026-09-11T08:29:16Z,200,text/html,89593,447f1aa49824eaa99b7975b9dbe4d30fc48324e128d9187ee940e1abe3e1d411,captured,raw/control/jcapital/china-equities-html.html,
jcapital.page,https://www.jcapitalresearch.com/hut-terms-of-service.html,2026-09-11T08:29:18Z,200,text/html,63124,5df633e5d2fead7a2c15507acc08ed265f08a6b5b7b47888324ed7e4cd36b665,captured,raw/control/jcapital/hut-terms-of-service-html.html,
jcapital.page,https://www.jcapitalresearch.com/novagold.html,2026-09-11T08:29:20Z,200,text/html,63302,e887c9aeafd7e35668d7a00c5c71279480ce18f4e7c116bea817872601896570,captured,raw/control/jcapital/novagold-html.html,
jcapital.page,https://www.jcapitalresearch.com/ffie.html,2026-09-11T08:29:21Z,200,text/html,62882,8877f26c7f27f34a2091b1317230a8cbd419616a169aacafbc9b22b84f16968a,captured,raw/control/jcapital/ffie-html.html,
jcapital.page,https://www.jcapitalresearch.com/btcm-terms-of-service1.html,2026-09-11T08:29:23Z,200,text/html,62259,ad10c7c36f86442cc2177eb150ab4039e59ca649d8d296dd9001b8e0dc68dd45,captured,raw/control/jcapital/btcm-terms-of-service1-html.html,
jcapital.page,https://www.jcapitalresearch.com/gds-terms-of-service.html,2026-09-11T08:29:25Z,200,text/html,62281,2ffe7bb3e588a3692bf9a03277b6058afded8e228a954ea5c1034ac930d10c0c,captured,raw/control/jcapital/gds-terms-of-service-html.html,
jcapital.page,https://www.jcapitalresearch.com/ideanomics.html,2026-09-11T08:29:26Z,200,text/html,57224,05de462ab3bb46ecbdf3461c31e6f7aa5035a12f8e61cca198d5fba8c0ea2310,captured,raw/control/jcapital/ideanomics-html.html,
jcapital.page,https://www.jcapitalresearch.com/lke.html,2026-09-11T08:29:28Z,200,text/html,61239,09037cad7a8bd459732314d2f38882bad957da50ed0b9971e836895832be4a41,captured,raw/control/jcapital/lke-html.html,
jcapital.page,https://www.jcapitalresearch.com/lake-terms-of-service.html,2026-09-11T08:29:29Z,200,text/html,64934,c7f4458da8aef5acbaf52d64f2a7429258c81ed30aa8dc820af1a4035f4ffaa7,captured,raw/control/jcapital/lake-terms-of-service-html.html,
jcapital.page,https://www.jcapitalresearch.com/bgne-terms-of-service.html,2026-09-11T08:29:31Z,200,text/html,62636,966d5fe76a3884a5ac0724b8470d07a18cea0d54a6f3fea56dfac41b8ff13600,captured,raw/control/jcapital/bgne-terms-of-service-html.html,
jcapital.page,https://www.jcapitalresearch.com/mvst-terms-of-service.html,2026-09-11T08:29:32Z,200,text/html,62746,3b35c2d24c0653abe21bd820aefe939de190bd51eb6a5c579244607af128b01a,captured,raw/control/jcapital/mvst-terms-of-service-html.html,
jcapital.page,https://www.jcapitalresearch.com/ymm-terms-of-service.html,2026-09-11T08:29:34Z,200,text/html,63127,9269c1c4a8c9822d675c8d0d5272667fbf46186b3fb888aa47fca23cfb09b7b5,captured,raw/control/jcapital/ymm-terms-of-service-html.html,
jcapital.page,https://www.jcapitalresearch.com/mq-terms-of-service.html,2026-09-11T08:29:36Z,200,text/html,63330,08236542e47a63b3bb55d40d0099db909342c76c8136c5f6c9eb4cf915578433,captured,raw/control/jcapital/mq-terms-of-service-html.html,
jcapital.page,https://www.jcapitalresearch.com/btmd.html,2026-09-11T08:29:37Z,200,text/html,58844,a5a124bed8b5aa8fe3b64ddc3b0d7d9c3a5fd62701a4d9f1f32bf13bf6ca8d84,captured,raw/control/jcapital/btmd-html.html,
jcapital.page,https://www.jcapitalresearch.com/cbat-terms-of-service.html,2026-09-11T08:29:39Z,200,text/html,62256,514477653752ab6b828ae558e8eb5312cad253ebe1921a9fd5a9f766d36826be,captured,raw/control/jcapital/cbat-terms-of-service-html.html,
jcapital.page,https://www.jcapitalresearch.com/gds.html,2026-09-11T08:29:40Z,200,text/html,81382,53d2d7ae3a014c586ce7ebc46cc273fe5ea62d8a8e55f756ea37d86b8c05c8bd,captured,raw/control/jcapital/gds-html.html,
jcapital.page,https://www.jcapitalresearch.com/cdxc-terms-of-service.html,2026-09-11T08:29:42Z,200,text/html,62318,c3822afc8a36d23263a9d1312a4280067f4efad6f908f5fea130f3c975a9c3ef,captured,raw/control/jcapital/cdxc-terms-of-service-html.html,
jcapital.page,https://www.jcapitalresearch.com/supx-terms-of-service.html,2026-09-11T08:29:44Z,200,text/html,63340,d638d88989804cb675d577ed765255eed7b1f38875689cb0f1d8253d72b8d4ac,captured,raw/control/jcapital/supx-terms-of-service-html.html,
jcapital.page,https://www.jcapitalresearch.com/hvn.html,2026-09-11T08:29:45Z,200,text/html,57026,08da03f8817aa1b2203bdff4ac3a71bff2811f02d8d397c5197ec9ae6e392b01,captured,raw/control/jcapital/hvn-html.html,
jcapital.page,https://www.jcapitalresearch.com/aos.html,2026-09-11T08:29:47Z,200,text/html,60536,5e3ab0a53675e21759440dc429707fd0b3311790553646bb1dfdc1ab3161134c,captured,raw/control/jcapital/aos-html.html,
jcapital.page,https://www.jcapitalresearch.com/ymm.html,2026-09-11T08:29:48Z,200,text/html,58637,5d777338eefb8a4a356ef3c3135b824699a633afd265e26fe0f2f8752bade314,captured,raw/control/jcapital/ymm-html.html,
jcapital.page,https://www.jcapitalresearch.com/ffx.html,2026-09-11T08:29:50Z,200,text/html,57766,311da385f5d02ba79297e53f77e84122fa8199a999f096628c163cfcc5622052,captured,raw/control/jcapital/ffx-html.html,
jcapital.page,https://www.jcapitalresearch.com/surveys.html,2026-09-11T08:29:51Z,200,text/html,58817,221b435ed964139f5e85bebb1be3d631adca1f6f1a3a3505b09a0d6d2bbcd763,captured,raw/control/jcapital/surveys-html.html,
jcapital.page,https://www.jcapitalresearch.com/mvst.html,2026-09-11T08:29:53Z,200,text/html,58287,e4c976bce9e80f5d53109e5c89a87b0e2469af6a1d09e4b37c94216a303d40b9,captured,raw/control/jcapital/mvst-html.html,
jcapital.page,https://www.jcapitalresearch.com/featured-reports.html,2026-09-11T08:29:55Z,200,text/html,74757,6f68e358b374cfcdb6764cb23d6a5f31a2b04a1501c176192dc818b5f677d6cb,captured,raw/control/jcapital/featured-reports-html.html,
jcapital.page,https://www.jcapitalresearch.com/mara.html,2026-09-11T08:29:56Z,200,text/html,58299,80948daa25a1df3d85c25f4cca524da6e8be114d71547ce10b29ea9b056fb27c,captured,raw/control/jcapital/mara-html.html,
jcapital.page,https://www.jcapitalresearch.com/ffie-site-visits.html,2026-09-11T08:29:58Z,200,text/html,109073,8f15759dd6c906b38aeb556cfcd7a45f6f52c3895fdd5cbd5d774819075555f8,captured,raw/control/jcapital/ffie-site-visits-html.html,
jcapital.page,https://www.jcapitalresearch.com/lk.html,2026-09-11T08:30:00Z,200,text/html,56608,63b1956905d646ec9e507b4dfb3d53a9704593e20ab32a80fb1b3730cc21d5b2,captured,raw/control/jcapital/lk-html.html,
jcapital.page,https://www.jcapitalresearch.com/acmr-site-visits.html,2026-09-11T08:30:01Z,200,text/html,66971,2061e7383eceab2af2354da1010c90eda9cc8e937edad81e1048a981ebdb648d,captured,raw/control/jcapital/acmr-site-visits-html.html,
jcapital.page,https://www.jcapitalresearch.com/inod.html,2026-09-11T08:30:03Z,200,text/html,61879,2ffb92ccd041268e3a0d0d3098096facb35a03e238968641f9f8fd1c94451ea8,captured,raw/control/jcapital/inod-html.html,
fuzzypanda.page,https://fuzzypandaresearch.com/spyr-inc/,2026-09-11T08:35:56Z,200,text/html,79936,1a0ec61d7e2d9adee30c9131315b5068f81918d1e52a6a978a1ea330eb68db0b,captured,raw/control/fuzzypanda/spyr-inc.html,
fuzzypanda.page,https://fuzzypandaresearch.com/terra-tech/,2026-09-11T08:37:28Z,200,text/html,85298,8d7b54ca63d095834d35019445c58a65977c4d660cd93b9efedc4d32314eb0c1,captured,raw/control/fuzzypanda/terra-tech.html,
fuzzypanda.page,https://fuzzypandaresearch.com/zion-oil-update/,2026-09-11T08:39:00Z,200,text/html,78162,252ea760b941f2b908eb8d4a97397167ccaf9771cd7e6725af0dc7247e8c430b,captured,raw/control/fuzzypanda/zion-oil-update.html,
fuzzypanda.page,https://fuzzypandaresearch.com/xxii-undisclosed-sec-investigation-revealed/,2026-09-11T08:56:19Z,200,text/html,81001,25e043c13c6d3f78892bde881a97047654c4980bd03b43b23f0af4b324b03699,captured,raw/control/fuzzypanda/xxii-undisclosed-sec-investigation-revealed.html,
fuzzypanda.page,https://fuzzypandaresearch.com/shotspotter-simmons-court-case/,2026-09-11T08:57:51Z,200,text/html,77872,e547b0c8be46c529c25f171e16b94c300d9189baa86c43d5728b44304fbe6cdb,captured,raw/control/fuzzypanda/shotspotter-simmons-court-case.html,
fuzzypanda.page,https://fuzzypandaresearch.com/bdsi/,2026-09-11T08:59:22Z,200,text/html,79498,a36f417bbe7ebf144fa57ee9d87c11ae450c8f12ca8ae7b89513d071281bc64a,captured,raw/control/fuzzypanda/bdsi.html,
fuzzypanda.page,https://fuzzypandaresearch.com/22nd-century-group-key-patents-have-expired/,2026-09-11T09:00:54Z,200,text/html,82582,69afa7a7cb0bb7c5fb0ff35e872786a1b5530016d93fece12ec7ffaf08620fe3,captured,raw/control/fuzzypanda/22nd-century-group-key-patents-have-expired.html,
fuzzypanda.page,https://fuzzypandaresearch.com/workhorse-group-critical-failures-revealed/,2026-09-11T09:02:26Z,200,text/html,82575,cd69955edb03cc362c4f1873221ee89c1e756dec985dd350b4016b0c1702264f,captured,raw/control/fuzzypanda/workhorse-group-critical-failures-revealed.html,
fuzzypanda.page,https://fuzzypandaresearch.com/foresight-autonomous/,2026-09-11T09:03:58Z,200,text/html,154078,9a24ae330b6f689372760e7ebdb1410cb57ff93ae9bb7e8bcddf8f20000e99aa,captured,raw/control/fuzzypanda/foresight-autonomous.html,
fuzzypanda.page,https://fuzzypandaresearch.com/workhorse-group-sec-investigation-fake-order-book/,2026-09-11T09:05:29Z,200,text/html,176626,ad909e1345a78c677677c23c5ac734103da589fe4fe858a5d60726a7717c3c85,captured,raw/control/fuzzypanda/workhorse-group-sec-investigation-fake-order-book.html,
fuzzypanda.page,https://fuzzypandaresearch.com/elms-ev-pretender/,2026-09-11T09:07:01Z,200,text/html,125595,1ea45b8c6b6f4dfd55b7a64d37904b9cfd389d1eb5d9874551095629aee97716,captured,raw/control/fuzzypanda/elms-ev-pretender.html,
fuzzypanda.page,https://fuzzypandaresearch.com/zion-oil-gas-ft/,2026-09-11T09:08:33Z,200,text/html,73159,42e7f8f580c3c31d4859d2a260c47fb5f8979d5175d96f7427a2942b57a1376f,captured,raw/control/fuzzypanda/zion-oil-gas-ft.html,
fuzzypanda.page,https://fuzzypandaresearch.com/evgo/,2026-09-11T09:10:04Z,200,text/html,152912,37bbc9ac9f95cf684d084dfb7717def383e48df063a2532c86d0b1cb32e3aaf7,captured,raw/control/fuzzypanda/evgo.html,
fuzzypanda.page,https://fuzzypandaresearch.com/fisker-inc/,2026-09-11T09:11:36Z,200,text/html,234540,b32adf7764aa74f47100dcee49fdaa2b89c59a210b3e3b5e49380e6be3bdb2c7,captured,raw/control/fuzzypanda/fisker-inc.html,
fuzzypanda.page,https://fuzzypandaresearch.com/lucid/,2026-09-11T09:13:08Z,200,text/html,107286,7aedddc1150521c7b00eaf2864245ede4e7e8458e26454adc3b8cf63bc8b22bc,captured,raw/control/fuzzypanda/lucid.html,
fuzzypanda.page,https://fuzzypandaresearch.com/xponential-fitness-xpof-abusive-franchisor-that-is-a-house-of-cards/,2026-09-11T09:14:40Z,200,text/html,215221,06f6941f3387eaceaccabcc7181bfd295481183d5eb806e74a28f6a9440edc5f,captured,raw/control/fuzzypanda/xponential-fitness-xpof-abusive-franchisor-that-is-a-house-of-cards.html,
fuzzypanda.page,https://fuzzypandaresearch.com/docgo-employees-allege-medicare-fraud/,2026-09-11T09:16:11Z,200,text/html,176153,79844348d906f9d1c4ee93c31bbfdc251a17e79e11188b2bdadba6a5666fb59b,captured,raw/control/fuzzypanda/docgo-employees-allege-medicare-fraud.html,
fuzzypanda.page,https://fuzzypandaresearch.com/airs/,2026-09-11T09:17:43Z,200,text/html,174286,d977cae8de698f6fafd679930180ac467f1510ad613bb86bfdc8c44bd1275b59,captured,raw/control/fuzzypanda/airs.html,
fuzzypanda.page,https://fuzzypandaresearch.com/globe-life-american-income-life-david-zophin-steve-greer/,2026-09-11T09:19:15Z,200,text/html,250466,2a1aafbe2e896f40ceb25ca49f5319e12ca1ed35222754aa07ec265a90b8e617,captured,raw/control/fuzzypanda/globe-life-american-income-life-david-zophin-steve-greer.html,
fuzzypanda.page,https://fuzzypandaresearch.com/nssc-napco-alleged-accounting-fraud/,2026-09-11T09:20:46Z,200,text/html,175660,278243f22aa89482fbe64245f00788252297b4c8897c8013bcce309283bdf2f9,captured,raw/control/fuzzypanda/nssc-napco-alleged-accounting-fraud.html,
fuzzypanda.page,https://fuzzypandaresearch.com/stride-k12-esser-james-rhyu/,2026-09-11T09:22:18Z,200,text/html,203100,2fa7a6fc6373bb8fddcfd8e3ffa7d1975262db0d11808f2fa900ff560f570e0c,captured,raw/control/fuzzypanda/stride-k12-esser-james-rhyu.html,
fuzzypanda.page,https://fuzzypandaresearch.com/aspi-honig-stetson-paid-stock-promotion/,2026-09-11T09:23:50Z,200,text/html,184794,2d0b520584fada27119150589beb61aec6fc07c028bb3f7f88d99a54543a70bc,captured,raw/control/fuzzypanda/aspi-honig-stetson-paid-stock-promotion.html,
fuzzypanda.page,https://fuzzypandaresearch.com/app-stock-meta-google-malware-mobile-games-advertising/,2026-09-11T09:25:22Z,200,text/html,212732,460b4bfa9fa8a1a64e6e80418065c8e224802e177951773a550292b42242658b,captured,raw/control/fuzzypanda/app-stock-meta-google-malware-mobile-games-advertising.html,
fuzzypanda.page,https://fuzzypandaresearch.com/tenet-thc-medicare-medicaid-fraud-waste-abuse-immigrants/,2026-09-11T09:26:54Z,200,text/html,218989,4db098fe36b1bf5d0e5677a74dc21cce9897f0e402cec7ee9d1147b3e4545886,captured,raw/control/fuzzypanda/tenet-thc-medicare-medicaid-fraud-waste-abuse-immigrants.html,
fuzzypanda.page,https://fuzzypandaresearch.com/red-cat-army-drones-engineers-flee-stock-promote/,2026-09-11T09:28:26Z,200,text/html,179140,930845ae80b88d974960fba971c44a83ecb37260f39deb439ba2e3af8efbc7ee,captured,raw/control/fuzzypanda/red-cat-army-drones-engineers-flee-stock-promote.html,
fuzzypanda.page,https://fuzzypandaresearch.com/rcat-army-contract-smaller-than-claimed/,2026-09-11T09:29:58Z,200,text/html,127177,1ed5841e35e28a762f84a56efbf88ff621d78f929fc3cb4f94c55d5316807c99,captured,raw/control/fuzzypanda/rcat-army-contract-smaller-than-claimed.html,
fuzzypanda.page,https://fuzzypandaresearch.com/rezolve-ai-rzlv-faking-arr-declining-revenue-dan-wagner-chatgpt-wrapper/,2026-09-11T09:31:30Z,200,text/html,199704,485f1308e2f40dc03926aaf94516b8637d5606196e4df8362386b7f6b4e77428,captured,raw/control/fuzzypanda/rezolve-ai-rzlv-faking-arr-declining-revenue-dan-wagner-chatgpt-wrapper.html,
fuzzypanda.page,https://fuzzypandaresearch.com/eos-energy-eose-deadly-gas-doe-loan-default/,2026-09-11T09:33:01Z,200,text/html,240414,22967aae935f5a8b0428889a430ae9a86731945d0aab164fb39cc7fa896d7588,captured,raw/control/fuzzypanda/eos-energy-eose-deadly-gas-doe-loan-default.html,
fuzzypanda.page,https://fuzzypandaresearch.com/nuai-ai-paid-stock-promotion-bad-gas-pink-sheets-ceo-failed/,2026-09-11T09:34:33Z,200,text/html,196833,f3b3644108da4094caa50d46b7df096df25589c8c4020ea668c587ef0e6b2034,captured,raw/control/fuzzypanda/nuai-ai-paid-stock-promotion-bad-gas-pink-sheets-ceo-failed.html,
fuzzypanda.page,https://fuzzypandaresearch.com/fermi-fraudulent-transfers-no-tenant-ai-hype/,2026-09-11T09:36:05Z,200,text/html,265548,afd27ebde075461c30f0979a80fa835d13894eb1d4f10e4da277bebf7fde760c,captured,raw/control/fuzzypanda/fermi-fraudulent-transfers-no-tenant-ai-hype.html,
fuzzypanda.page,https://fuzzypandaresearch.com/short-te-us-china-solar-feoc-restatements/,2026-09-11T09:37:38Z,200,text/html,236170,6325b10a3bbbb24a89f682777340a6218b24a40ce72e7f80d4beee6b26fc9756,captured,raw/control/fuzzypanda/short-te-us-china-solar-feoc-restatements.html,
fuzzypanda.page,https://fuzzypandaresearch.com/t1-energy-te-whistleblower-series-part-1-the-solar-cell-invoices/,2026-09-11T09:39:10Z,200,text/html,123195,97e6472803b36e84217a79c143dbf28290e1097bb4a6a6e5acc0a29b1b087090,captured,raw/control/fuzzypanda/t1-energy-te-whistleblower-series-part-1-the-solar-cell-invoices.html,
fuzzypanda.page,https://fuzzypandaresearch.com/t1-energy-the-whistleblower-series-part-2-effective-control/,2026-09-11T09:40:42Z,200,text/html,118193,e9d42c1655aea5b11f4426b37098fef232d5606fe7036543d70003c8791aeecd,captured,raw/control/fuzzypanda/t1-energy-the-whistleblower-series-part-2-effective-control.html,
fuzzypanda.page,https://fuzzypandaresearch.com/t1-energy-the-whistleblower-series-part-3-cooking-the-books/,2026-09-11T09:42:14Z,200,text/html,135021,19f5a3accc8b9e5edda93256c773b3d7cfb6190f99acecf68e054d461a97d88e,captured,raw/control/fuzzypanda/t1-energy-the-whistleblower-series-part-3-cooking-the-books.html,
fuzzypanda.page,https://fuzzypandaresearch.com/t1-energy-te-whistleblower-series-us-tax-credits-paid-to-trina/,2026-09-11T09:43:46Z,200,text/html,126809,f0d8069e56e256c7ebc4e3d5671eaaf3c1bd539060cfc2a7e3fbc405818f9d51,captured,raw/control/fuzzypanda/t1-energy-te-whistleblower-series-us-tax-credits-paid-to-trina.html,
fuzzypanda.page,https://fuzzypandaresearch.com/contacted/,2026-09-11T09:45:19Z,200,text/html,73122,d5992ac4a483f19cba064122bb700a5a6ddc01f9306927c69c7de89acb378658,captured,raw/control/fuzzypanda/contacted.html,
sprucepoint.page,https://sprucepointcap.com/research/2u-inc/,2026-09-11T08:42:34Z,200,text/html,159631,415771995341466fe307bcd7d9ce24eed9b8eed0394e27b66a3b46380acc1777,captured,raw/control/sprucepoint/research-2u-inc.html,sampled
sprucepoint.page,https://sprucepointcap.com/research/a-o-smith-corp/,2026-09-11T08:43:20Z,200,text/html,157450,d9ff9efe5299ce389e33918596db217fd6c4948710cc2e5d7d9a67a29e833a74,captured,raw/control/sprucepoint/research-a-o-smith-corp.html,sampled
sprucepoint.page,https://sprucepointcap.com/research/aecom/,2026-09-11T08:44:07Z,200,text/html,157616,feb498c3c4c6daf1de6cb3f6e1b9a146155fb34f366f962b83114937d829cb8a,captured,raw/control/sprucepoint/research-aecom.html,sampled
sprucepoint.page,https://sprucepointcap.com/research/aegon-ltd/,2026-09-11T08:44:53Z,200,text/html,161148,ddef21e18687019bf71253d97dc2922dba06dbc7fb4a35b1c6cc5cc115375e14,captured,raw/control/sprucepoint/research-aegon-ltd.html,sampled
sprucepoint.page,https://sprucepointcap.com/research/aerojet-rocketdyne-holdings-inc/,2026-09-11T08:57:20Z,200,text/html,161167,fd4acb0e4041f998eb492f0999b4eb00a224c41ef9c0a167c120043c0d5a0d2e,captured,raw/control/sprucepoint/research-aerojet-rocketdyne-holdings-inc.html,sampled
sprucepoint.page,https://sprucepointcap.com/research/aerovironment-inc/,2026-09-11T08:59:52Z,200,text/html,160710,f6fcd17a827aff2d742f41b5244c7fccfd7ac2aa4710df924213f03ba5b7768c,captured,raw/control/sprucepoint/research-aerovironment-inc.html,sampled
sprucepoint.page,https://sprucepointcap.com/research/amcor-plc/,2026-09-11T09:00:39Z,200,text/html,159273,9c38464f9e4bfdb37c8d510bbb3ee19654d21ab119c3903eb78327021597cb26,captured,raw/control/sprucepoint/research-amcor-plc.html,sampled
sprucepoint.page,https://sprucepointcap.com/research/ametek-inc/,2026-09-11T09:01:25Z,200,text/html,157337,26a51d91ad5fdb7a34f485e54ea229822dc59f082fdb2483a7399c92ab7489d5,captured,raw/control/sprucepoint/research-ametek-inc.html,sampled
sprucepoint.page,https://sprucepointcap.com/research/avery-dennison-corp/,2026-09-11T09:02:13Z,200,text/html,159524,97d02a96787395704e9a95a490d177593bb2228971d43276d03eac8848e45b2c,captured,raw/control/sprucepoint/research-avery-dennison-corp.html,sampled
sprucepoint.page,https://sprucepointcap.com/research/bazaarvoice/,2026-09-11T09:02:59Z,200,text/html,156583,717a2143d32457945acc65d1ee192e0224e68687e73eb3c1a591d7fb45d97b6a,captured,raw/control/sprucepoint/research-bazaarvoice.html,sampled
sprucepoint.page,https://sprucepointcap.com/research/broadridge-financial-solutions-inc/,2026-09-11T09:03:46Z,200,text/html,162459,20b724de0f7352cb908b61651475c778a3980490b899f04c2bce89ba6dd0e6cc,captured,raw/control/sprucepoint/research-broadridge-financial-solutions-inc.html,sampled
sprucepoint.page,https://sprucepointcap.com/research/caesarstone-ltd/,2026-09-11T09:04:32Z,200,text/html,157730,7973eb413cd2dce833cc32a68edc5f25df49292874541e541b21b7350cd60368,captured,raw/control/sprucepoint/research-caesarstone-ltd.html,sampled
sprucepoint.page,https://sprucepointcap.com/research/carvana-co/,2026-09-11T09:05:18Z,200,text/html,160600,ea68594f6bc509ea5c0433de7a41d4366d4757f4fa7125edd4422664b6bacdb0,captured,raw/control/sprucepoint/research-carvana-co.html,sampled
sprucepoint.page,https://sprucepointcap.com/research/church-dwight-co-inc/,2026-09-11T09:06:05Z,200,text/html,163298,4be8e3ef5cd3ed6fe619f32a0cae7315e9cfcc8e53db05775311ea823ef1dc3e,captured,raw/control/sprucepoint/research-church-dwight-co-inc.html,sampled
sprucepoint.page,https://sprucepointcap.com/research/construction-partners-inc/,2026-09-11T09:06:51Z,200,text/html,161827,547500c9b223afd683f81bfa592000a1758e67aa0c562d0a2d14f9ad989a2ec3,captured,raw/control/sprucepoint/research-construction-partners-inc.html,sampled
sprucepoint.page,https://sprucepointcap.com/research/dollarama-inc/,2026-09-11T09:07:38Z,200,text/html,160741,f352c1d77dcd34aa1bd7e2647c611788bd783e42e0b98e9ef7f33c0030903d43,captured,raw/control/sprucepoint/research-dollarama-inc.html,sampled
sprucepoint.page,https://sprucepointcap.com/research/draftkings-inc/,2026-09-11T09:08:24Z,200,text/html,165302,96edce6da6ddcb64e6be70d0b5f3a5781e8e8e7603bc456ba15fa9c3e019cee1,captured,raw/control/sprucepoint/research-draftkings-inc.html,sampled
sprucepoint.page,https://sprucepointcap.com/research/e-l-f-beauty/,2026-09-11T09:09:11Z,200,text/html,164100,281005efc953be0b4d5fbef4d4957c4baed97d2e3b7767fc6810b33bc660b598,captured,raw/control/sprucepoint/research-e-l-f-beauty.html,sampled
sprucepoint.page,https://sprucepointcap.com/research/envirostar-inc/,2026-09-11T09:09:57Z,200,text/html,157852,63d7e34994ab7a269c222aca673d99afc1231bccfff55a0d7f73d59043ca2046,captured,raw/control/sprucepoint/research-envirostar-inc.html,sampled
sprucepoint.page,https://sprucepointcap.com/research/figs-inc/,2026-09-11T09:10:44Z,200,text/html,163141,11ab8e991156054f316b47136a66fbe8fc25de4ee05492bad21d31d0cfe7adf0,captured,raw/control/sprucepoint/research-figs-inc.html,sampled
sprucepoint.page,https://sprucepointcap.com/research/forescout-technologies-inc/,2026-09-11T09:11:30Z,200,text/html,162463,4b6f33326120b8246be4ecb56b42aa72efe58d9f4401ce67cfad01cfdc35ea7f,captured,raw/control/sprucepoint/research-forescout-technologies-inc.html,sampled
sprucepoint.page,https://sprucepointcap.com/research/gentex-corp/,2026-09-11T09:12:17Z,200,text/html,159587,80773c8b27835de8f91128f972ecd4b63cdc7093722e2f38509cd0b073f6e9c0,captured,raw/control/sprucepoint/research-gentex-corp.html,sampled
sprucepoint.page,https://sprucepointcap.com/research/globant-sa/,2026-09-11T09:13:03Z,200,text/html,159121,11735687e72e844a59f729db33bf313f9070dacf340ef13251076ba0acacd986,captured,raw/control/sprucepoint/research-globant-sa.html,sampled
sprucepoint.page,https://sprucepointcap.com/research/henry-schein-inc/,2026-09-11T09:13:50Z,200,text/html,159848,19d5b4a7a24e031e320a1332969c8611acbc14f574e8ecad7807673b35853bf6,captured,raw/control/sprucepoint/research-henry-schein-inc.html,sampled
sprucepoint.page,https://sprucepointcap.com/research/hims-hers-health-inc/,2026-09-11T09:14:36Z,200,text/html,160771,0a0e0017038924ca67d6926a47727b815d74449eebf094e57cd5f369be761d53,captured,raw/control/sprucepoint/research-hims-hers-health-inc.html,sampled
sprucepoint.page,https://sprucepointcap.com/research/iperionx-ltd/,2026-09-11T09:15:23Z,200,text/html,165566,d851646fe0dd3b707fc6c09bb53f253295fed9ed15e58d6192eec582df8d401b,captured,raw/control/sprucepoint/research-iperionx-ltd.html,sampled
sprucepoint.page,https://sprucepointcap.com/research/irsa-inversiones-y-representaciones-s-a/,2026-09-11T09:16:09Z,200,text/html,156557,4fb6060887b8b09c9f2982f70ce4abe70e40e8bef72c308880d699f8214ea1ba,captured,raw/control/sprucepoint/research-irsa-inversiones-y-representaciones-s-a.html,sampled
sprucepoint.page,https://sprucepointcap.com/research/kratos-defense-security-solutions-inc/,2026-09-11T09:16:55Z,200,text/html,160915,001e6bd803a301aa5d7796e04f2e41b9584975f2e5c5276ed26d13977212d76a,captured,raw/control/sprucepoint/research-kratos-defense-security-solutions-inc.html,sampled
sprucepoint.page,https://sprucepointcap.com/research/lightspeed-commerce-inc/,2026-09-11T09:17:42Z,200,text/html,162841,7f1bb53a8fbd2be5d2ed574e2c6a3b3c6a5d11e81eab34add51a0ae7be21db42,captured,raw/control/sprucepoint/research-lightspeed-commerce-inc.html,sampled
sprucepoint.page,https://sprucepointcap.com/research/magnite-inc/,2026-09-11T09:18:30Z,200,text/html,159156,038ecc5d816ce0f7121742513a63888a279137f38dd83665fd131a7f6da6fcc7,captured,raw/control/sprucepoint/research-magnite-inc.html,sampled
sprucepoint.page,https://sprucepointcap.com/research/mercury-systems-inc/,2026-09-11T09:19:16Z,200,text/html,160507,cd47354cad0d7c00905ac9d21781b9c3ff00ad0dcce8b4b3a08aa2e305c40b63,captured,raw/control/sprucepoint/research-mercury-systems-inc.html,sampled
sprucepoint.page,https://sprucepointcap.com/research/miller-petroleum-inc/,2026-09-11T09:20:03Z,200,text/html,156130,44f88aea4f87c8c71af26324cd45c7809fc4fa25db90c077ec1d3dee9f9e76e0,captured,raw/control/sprucepoint/research-miller-petroleum-inc.html,sampled
sprucepoint.page,https://sprucepointcap.com/research/monster-beverage-corp/,2026-09-11T09:20:49Z,200,text/html,164173,d255c6c91ea4851d0af8a33d06dd34403c38b04400625f9022e91b6a8ba7c190,captured,raw/control/sprucepoint/research-monster-beverage-corp.html,sampled
sprucepoint.page,https://sprucepointcap.com/research/nuvei-corp/,2026-09-11T09:21:36Z,200,text/html,166791,b8871e2028f38be47bda49d5c801362a915b552190157a3da707c2a12040354f,captured,raw/control/sprucepoint/research-nuvei-corp.html,sampled
sprucepoint.page,https://sprucepointcap.com/research/perion-network-ltd/,2026-09-11T09:22:22Z,200,text/html,161295,94f65837fb0ac8509acdddc61e15c3c092f693d6d3e1b015cd46eb775a5c558d,captured,raw/control/sprucepoint/research-perion-network-ltd.html,sampled
sprucepoint.page,https://sprucepointcap.com/research/plug-power-inc/,2026-09-11T09:23:11Z,200,text/html,157954,d4a11c023f600908b92ab4793ded41f2eee4e01aa69cc95e3e21676141f331d7,captured,raw/control/sprucepoint/research-plug-power-inc.html,sampled
sprucepoint.page,https://sprucepointcap.com/research/premier-inc/,2026-09-11T09:23:58Z,200,text/html,158893,423e121053a2c4e6fbbf439dc918065b575160beeaaad283be792d5393757123,captured,raw/control/sprucepoint/research-premier-inc.html,sampled
sprucepoint.page,https://sprucepointcap.com/research/progyny-inc/,2026-09-11T09:24:44Z,200,text/html,159807,0b141ab06589ec0a7e9464e920f9c9588a1c83ff237d278836ec05e4bb2a8f28,captured,raw/control/sprucepoint/research-progyny-inc.html,sampled
sprucepoint.page,https://sprucepointcap.com/research/realty-income-corp/,2026-09-11T09:25:31Z,200,text/html,161703,b9dc1474f351b62aa866275a33e46360db913d43d4b08f92491e6df235a2a197,captured,raw/control/sprucepoint/research-realty-income-corp.html,sampled
sprucepoint.page,https://sprucepointcap.com/research/sabre-corp/,2026-09-11T09:26:17Z,200,text/html,156588,31612725f67ff036e37323320880c26b77ee8d83887bc687e2e07552ba4d8690,captured,raw/control/sprucepoint/research-sabre-corp.html,sampled
sprucepoint.page,https://sprucepointcap.com/research/skechers-u-s-a-inc/,2026-09-11T09:27:04Z,200,text/html,160455,b5c6f66230c916e6b5da033d66dfda102c03f43956920c433fb2fe73fd891219,captured,raw/control/sprucepoint/research-skechers-u-s-a-inc.html,sampled
sprucepoint.page,https://sprucepointcap.com/research/super-micro-computer-inc/,2026-09-11T09:27:50Z,200,text/html,159777,c401b247cfafb415d7a3af962974b56977aaeab0b5aef01dc115f7e203256464,captured,raw/control/sprucepoint/research-super-micro-computer-inc.html,sampled
sprucepoint.page,https://sprucepointcap.com/research/the-intertain-group-ltd/,2026-09-11T09:28:36Z,200,text/html,156745,2d35145b87dc5a5011ab3aa17b2b44ffe66950f88f0393936812fbb259973e77,captured,raw/control/sprucepoint/research-the-intertain-group-ltd.html,sampled
sprucepoint.page,https://sprucepointcap.com/research/tower-semiconductor-ltd/,2026-09-11T09:29:23Z,200,text/html,156760,4d4845ec662d750b52f60951ae485c2faf9c7ff9476239ee1991c32abbe61466,captured,raw/control/sprucepoint/research-tower-semiconductor-ltd.html,sampled
sprucepoint.page,https://sprucepointcap.com/research/united-states-antimony-corp/,2026-09-11T09:30:09Z,200,text/html,156910,2f08c7f12c61106dffd3baee217fd2eff9a45f8be7bc492071ff7b9e38e569c6,captured,raw/control/sprucepoint/research-united-states-antimony-corp.html,sampled
sprucepoint.page,https://sprucepointcap.com/research/wd-40/,2026-09-11T09:30:56Z,200,text/html,160587,30c8554218247792f9c1f5d1a62fc90dc3cf97c3b158f2c40a9671074640d8fa,captured,raw/control/sprucepoint/research-wd-40.html,sampled
sprucepoint.page,https://sprucepointcap.com/research/wsp-global/,2026-09-11T09:31:43Z,200,text/html,164518,d7eabae2d33f4e435188de3c6b7710c5623101b069b4f129ed2c055d2d5515be,captured,raw/control/sprucepoint/research-wsp-global.html,sampled
sprucepoint.page,https://sprucepointcap.com/research/zebra-technologies-corp/,2026-09-11T09:32:29Z,200,text/html,160183,1329978619a00744fae2ec4f53a365622b01c6b536c5f59bd19c5029f6446704,captured,raw/control/sprucepoint/research-zebra-technologies-corp.html,sampled
viceroy.page,https://viceroyresearch.org/publications/vedanta-esls-debt-raise-shows-lack-of-options/,2026-09-11T08:43:44Z,200,text/html,99086,d3687738ccafe4c20b1e3189785425dc1f82329811119b4d81832d5db1d4d4d4,captured,raw/control/viceroy/publications-vedanta-esls-debt-raise-shows-lack-of-options.html,sampled
viceroy.page,https://viceroyresearch.org/publications/vedanta-h1-fy26-earnings-call-analysis/,2026-09-11T08:36:53Z,200,text/html,99288,0c96828c408effcccd55f6543285bfefcc79a56d37b265f38cf7bbd7a17fef93,captured,raw/control/viceroy/publications-vedanta-h1-fy26-earnings-call-analysis.html,sampled
viceroy.page,https://viceroyresearch.org/publications/vedanta-incab-paying-a-premium-for-scrap/,2026-09-11T08:41:27Z,200,text/html,99754,6ecb88f2eb421fc9b7814682b577d3887d6384f65cda550486d7ce2243bab2cd,captured,raw/control/viceroy/publications-vedanta-incab-paying-a-premium-for-scrap.html,sampled
viceroy.page,https://viceroyresearch.org/publications/vedanta-itd-alleges-tax-evasion-by-vrl/,2026-09-11T08:34:36Z,200,text/html,103176,a4ff2874d37035796c608741644d7d2fff8a713dc18eb42b178c10dd562929da,captured,raw/control/viceroy/publications-vedanta-itd-alleges-tax-evasion-by-vrl.html,sampled
viceroy.page,https://viceroyresearch.org/publications/vedanta-june-2023-ed-summons-release/,2026-09-11T08:52:53Z,200,text/html,99343,1d8d4c56d6609226b336325c37880438ae0a22d4c722abe7c93c5430896ecc5a,captured,raw/control/viceroy/publications-vedanta-june-2023-ed-summons-release.html,sampled
viceroy.page,https://viceroyresearch.org/publications/vedanta-kcm-sha-exposes-vrls-immediate-funding-shortfall/,2026-09-11T08:48:19Z,200,text/html,99623,225b430e4af71a3ba9b2fb895d5dc88ca16a98e4b80710025feff4ced7032ce7,captured,raw/control/viceroy/publications-vedanta-kcm-sha-exposes-vrls-immediate-funding-shortfall.html,sampled
viceroy.page,https://viceroyresearch.org/publications/vedanta-letter-to-the-prime-ministers-office/,2026-09-11T08:46:02Z,200,text/html,99055,b8333525ca25c4f9e441df3c668143150092084d14210e54c0e8b7bedbed5452,captured,raw/control/viceroy/publications-vedanta-letter-to-the-prime-ministers-office.html,sampled
viceroy.page,https://viceroyresearch.org/publications/vedanta-the-650m-avanstrate-failure/,2026-09-11T08:50:36Z,200,text/html,99277,9b051f47726185dc9408106de6896fa5becb141a2c68626193d2e0e794ef0c78,captured,raw/control/viceroy/publications-vedanta-the-650m-avanstrate-failure.html,sampled
viceroy.page,https://viceroyresearch.org/publications/vedanta-vrl-h1-fy26-analysis/,2026-09-11T08:39:10Z,200,text/html,99559,ce8d2b5805c70670b88f8f42adbaf859778691d8f1dfbff30fdc6c3676403a0e,captured,raw/control/viceroy/publications-vedanta-vrl-h1-fy26-analysis.html,sampled
jcapital.report_pdf,https://jcapitalresearch.com/uploads/2/0/0/3/20032477/2021_06_29_cdxc_update.pdf,2026-09-11T13:30:10Z,200,application/pdf,451016,4219f24cb6ea67200d336770259797dac74e4bcf61085a7ab4296c0892df57d0,captured,raw/control/pdf/2021-06-29-cdxc-update-pdf.pdf,
jcapital.report_pdf,https://jcapitalresearch.com/uploads/2/0/0/3/20032477/g35n06a2z.pdf,2026-09-11T13:30:11Z,200,application/pdf,161795,a9ff1928eb02975428d7aecd6cfce127646e6a5f59db78ae1b648fb0d1ba788d,captured,raw/control/pdf/g35n06a2z-pdf.pdf,
jcapital.report_pdf,https://jcapitalresearch.com/uploads/2/0/0/3/20032477/2021_10_07_ffie.pdf,2026-09-11T13:30:10Z,200,application/pdf,6910521,4907cba5ceed7921a195a83dca21a6ff09444117b91c95a1c71782b781bab2df,captured,raw/control/pdf/2021-10-07-ffie-pdf.pdf,
jcapital.report_pdf,https://jcapitalresearch.com/uploads/2/0/0/3/20032477/2019_10_25_enph_1.pdf,2026-09-11T13:30:10Z,200,application/pdf,1158794,78772801429392dd149df138b983f586f3b23eda564b42f989f438f1b719a90c,captured,raw/control/pdf/2019-10-25-enph-1-pdf.pdf,
jcapital.report_pdf,https://jcapitalresearch.com/uploads/2/0/0/3/20032477/2018_11_14_calling_ccrc_1.pdf,2026-09-11T13:30:10Z,200,application/pdf,1758015,3dbfd14820fed8c158cab1e722deb3433bdc534f165669315a8dd512148cd5ae,captured,raw/control/pdf/2018-11-14-calling-ccrc-1-pdf.pdf,
jcapital.report_pdf,https://jcapitalresearch.com/uploads/2/0/0/3/20032477/2017_12_14_ipo_1.pdf,2026-09-11T13:30:10Z,200,application/pdf,1130214,31a2cb5a2e224e039db98518f1e2fcdfc3b974b0dd54c63058d0782a1b85587f,captured,raw/control/pdf/2017-12-14-ipo-1-pdf.pdf,
jcapital.report_pdf,https://jcapitalresearch.com/uploads/2/0/0/3/20032477/2020_08_11_presentation_on_staar_1.pdf,2026-09-11T13:30:10Z,200,application/pdf,8311441,028e323f18bea3238adf2dd894383265ace645674db83917df587beba8220c5b,captured,raw/control/pdf/2020-08-11-presentation-on-staar-1-pdf.pdf,
jcapital.report_pdf,https://jcapitalresearch.com/uploads/2/0/0/3/20032477/2020_06_30_wtc_update_1.pdf,2026-09-11T13:30:10Z,200,application/pdf,1988184,b0ba903b712df0379d484dcf48d070f392e6aed9e85e274a823aac78e27134a5,captured,raw/control/pdf/2020-06-30-wtc-update-1-pdf.pdf,
jcapital.report_pdf,https://jcapitalresearch.com/uploads/2/0/0/3/20032477/2018_03_12_yriv_commentary_1.pdf,2026-09-11T13:30:10Z,200,application/pdf,1682828,70c58e7078bf0ca166e9f14ff861b9335dc03d7635e8b13482a29d0edb1e3120,captured,raw/control/pdf/2018-03-12-yriv-commentary-1-pdf.pdf,
jcapital.report_pdf,https://www.irena.org/-/media/Files/IRENA/Agency/Publication/2019/Oct/IRENA_Future_of_wind_2019.pdf,2026-09-11T13:30:11Z,200,application/pdf,9807281,ffc051ead217222e7ae66ee6126e33c98721069deb73782ae3079977dfcc841d,captured,raw/control/pdf/IRENA-Future-of-wind-2019-pdf.pdf,
jcapital.report_pdf,https://jcapitalresearch.com/uploads/2/0/0/3/20032477/2017_07_14_boo_initiation.pdf,2026-09-11T13:30:10Z,200,application/pdf,1206280,d024b3f9013651aa3bae20574f9d40bf6752b2023a7f80e7d4f276e3138889a4,captured,raw/control/pdf/2017-07-14-boo-initiation-pdf.pdf,
jcapital.report_pdf,https://jcapitalresearch.com/uploads/2/0/0/3/20032477/2025_09_04_supx.pdf,2026-09-11T13:30:10Z,200,application/pdf,24417503,6f79e15575b53177d58129b251ed0e68605f63bc177ed977548a219ee7ca71e0,captured,raw/control/pdf/2025-09-04-supx-pdf.pdf,
jcapital.report_pdf,https://jcapitalresearch.com/uploads/2/0/0/3/20032477/2018_03_26_srne_public_1.pdf,2026-09-11T13:30:10Z,200,application/pdf,336509,9d5ae7b557c0e7435724945dea58fe2f31dd4cb31d3503769293411246e71478,captured,raw/control/pdf/2018-03-26-srne-public-1-pdf.pdf,
jcapital.report_pdf,https://jcapitalresearch.com/uploads/2/0/0/3/20032477/2019_09_05_bgne_1.pdf,2026-09-11T13:30:10Z,200,application/pdf,3418771,f11a607f99e449fa6a789d6be4f0d5e3fd315dd1689c12a76deef6bd2c8db6fd,captured,raw/control/pdf/2019-09-05-bgne-1-pdf.pdf,
jcapital.report_pdf,https://jcapitalresearch.com/uploads/2/0/0/3/20032477/2018_02_06_mark_jcap_1.pdf,2026-09-11T13:30:10Z,200,application/pdf,2465896,21219bd30ce5761efee36e301bf52bf0ca1c7ab110c0c6a8c15687d0415d903d,captured,raw/control/pdf/2018-02-06-mark-jcap-1-pdf.pdf,
jcapital.report_pdf,https://jcapitalresearch.com/uploads/2/0/0/3/20032477/2019_02_05_fanh_1.pdf,2026-09-11T13:30:10Z,200,application/pdf,723977,339c3a5db6a81cda277ca90621442a3cb03c5ea0d87a8bb22fc646067c1c5fe5,captured,raw/control/pdf/2019-02-05-fanh-1-pdf.pdf,
jcapital.report_pdf,https://jcapitalresearch.com/uploads/2/0/0/3/20032477/2019_04_16_uxin_1.pdf,2026-09-11T13:30:10Z,200,application/pdf,1590932,d87b6108e647c04d1fe156bc3d93bd238e0c960390712a693320958b0bed1dec,captured,raw/control/pdf/2019-04-16-uxin-1-pdf.pdf,
jcapital.report_pdf,https://jcapitalresearch.com/uploads/2/0/0/3/20032477/annex_a__r_.pdf,2026-09-11T13:30:11Z,200,application/pdf,463861,d8ca77bc264992471d331ca03d89b11a2941f58b2bf934f84f072c7f0518535f,captured,raw/control/pdf/annex-a-r-pdf.pdf,
jcapital.report_pdf,https://jcapitalresearch.com/uploads/2/0/0/3/20032477/2020_03_26_gds_1.pdf,2026-09-11T13:30:10Z,200,application/pdf,2149341,8bf23ddd051b735676f0d07a99ca10f5081872fed67c8be1c43ddcb9be4cb38a,captured,raw/control/pdf/2020-03-26-gds-1-pdf.pdf,
jcapital.report_pdf,https://jcapitalresearch.com/uploads/2/0/0/3/20032477/2017_03_10_hvn_initiation_1.pdf,2026-09-11T13:30:10Z,200,application/pdf,847398,d79043a3a241a4b7106a2b25f88b122112c055d5323997686d5d68fb19fd48b6,captured,raw/control/pdf/2017-03-10-hvn-initiation-1-pdf.pdf,
jcapital.report_pdf,https://jcapitalresearch.com/uploads/2/0/0/3/20032477/2019_05_16_aos_1.pdf,2026-09-11T13:30:10Z,200,application/pdf,1402224,5be81a9d70579bc352314b68bee8232581b7106e06458110c1c30f7bf0fd6398,captured,raw/control/pdf/2019-05-16-aos-1-pdf.pdf,
jcapital.report_pdf,https://jcapitalresearch.com/uploads/2/0/0/3/20032477/2018_11_05_cpi_q3_steel_survey.pdf,2026-09-11T13:30:10Z,200,application/pdf,172508,0b29adad79b8dd99378f74b7d41d1235a5b20d83b834925dab3690d6a1a78d5b,captured,raw/control/pdf/2018-11-05-cpi-q3-steel-survey-pdf.pdf,
jcapital.report_pdf,https://jcapitalresearch.com/uploads/2/0/0/3/20032477/2019_10_16_wtc_1.pdf,2026-09-11T13:30:10Z,200,application/pdf,3003611,8f736b36cfa04a0f2f099fb21426a0d049deaeb657585bbdd162590f6bf12ad6,captured,raw/control/pdf/2019-10-16-wtc-1-pdf.pdf,
jcapital.report_pdf,https://jcapitalresearch.com/uploads/2/0/0/3/20032477/2020_02_12_lk_1.pdf,2026-09-11T13:30:10Z,200,application/pdf,243857,dda0fb7c4cd238fd33741292487851465ffb465d007cc96a3dc7095bb063d83f,captured,raw/control/pdf/2020-02-12-lk-1-pdf.pdf,
muddywaters.report_pdf,https://muddywatersresearch.com/wp-content/uploads/2010/06/ONP_Report_June2010.pdf,2026-09-11T13:30:11Z,200,application/pdf,6996879,8c147ef48b909a03e4e09d95dd5adc77cbada93b4e6cab099d10988e0616ff6f,captured,raw/control/pdf/ONP-Report-June2010-pdf.pdf,
muddywaters.report_pdf,https://muddywatersresearch.com/wp-content/uploads/2010/07/ONP_Correct_Entity.pdf,2026-09-11T13:30:11Z,200,application/pdf,93709,037a4a2e6cd08f9887510888b00ab66172e095be6594798cbe13b8eabf33da4e,captured,raw/control/pdf/ONP-Correct-Entity-pdf.pdf,
muddywaters.report_pdf,https://muddywatersresearch.com/wp-content/uploads/2010/07/ONP_MW_Response_Pearson.pdf,2026-09-11T13:30:11Z,200,application/pdf,91297,7312db1ac2cf6fe8982a0891fefe4d224f51f6ee12e97bd5468061cd7fc500f3,captured,raw/control/pdf/ONP-MW-Response-Pearson-pdf.pdf,
muddywaters.report_pdf,https://muddywatersresearch.com/wp-content/uploads/2010/07/ONP_Two_Points.pdf,2026-09-11T13:30:11Z,200,application/pdf,162706,a870e166c5ee7b1403e25f6e8e28935f47d4e76ac0185bc4e83fbc97705bac2e,captured,raw/control/pdf/ONP-Two-Points-pdf.pdf,
muddywaters.report_pdf,https://muddywatersresearch.com/wp-content/uploads/2010/07/ONP_Tangled_Web.pdf,2026-09-11T13:30:11Z,200,application/pdf,123110,fd821aa1954694a7bb8dc5d5414deeb2b65f9df712630743afe4382006d6e698,captured,raw/control/pdf/ONP-Tangled-Web-pdf.pdf,
muddywaters.report_pdf,https://muddywatersresearch.com/wp-content/uploads/2010/07/ONP_One_Billion_Chinese.pdf,2026-09-11T13:30:11Z,200,application/pdf,76374,1050c353e93c6d64b2aa0faf055ba50e448923c2488308d44f3e003b7e8c85f0,captured,raw/control/pdf/ONP-One-Billion-Chinese-pdf.pdf,
muddywaters.report_pdf,https://muddywatersresearch.com/wp-content/uploads/2010/11/RINO_MW_11102010.pdf,2026-09-11T13:30:11Z,200,application/pdf,5643411,902754b0f82095e081d062bcf2ba746dcd1c6f9f273799c72d24ad2795c3a468,captured,raw/control/pdf/RINO-MW-11102010-pdf.pdf,
muddywaters.report_pdf,https://muddywatersresearch.com/wp-content/uploads/2011/02/CCME_MW_020311.pdf,2026-09-11T13:30:11Z,200,application/pdf,2390858,02d7cc79026bee0cbd0d78c34e30206abefd1c769e48ae7951f5d105405e8531,captured,raw/control/pdf/CCME-MW-020311-pdf.pdf,
muddywaters.report_pdf,https://muddywatersresearch.com/wp-content/uploads/2011/04/DGW_MW_040411.pdf,2026-09-11T13:30:11Z,200,application/pdf,1403984,ac6ef799e73ce896e97f48715c7e2e11e7cdca2baca0c8817eecf3643c34998b,captured,raw/control/pdf/DGW-MW-040411-pdf.pdf,
muddywaters.report_pdf,https://muddywatersresearch.com/wp-content/uploads/2011/06/MW_TRE_060211.pdf,2026-09-11T13:30:11Z,200,application/pdf,7500221,c23d71b29eef174efa82f866b0dea554f607381ea1e885257a0109f7e4b7fbc2,captured,raw/control/pdf/MW-TRE-060211-pdf.pdf,
muddywaters.report_pdf,https://muddywatersresearch.com/wp-content/uploads/2011/06/MW_TRE_Q12011_Call_Reaction.pdf,2026-09-11T13:30:11Z,200,application/pdf,81976,df6e6f1a241fcfb6c7646d52f297ba44b7d9b34d66e7a28050327f6f19d92049,captured,raw/control/pdf/MW-TRE-Q12011-Call-Reaction-pdf.pdf,
muddywaters.report_pdf,https://muddywatersresearch.com/wp-content/uploads/2011/06/MW_SPRD_OpenLetter_06282011.pdf,2026-09-11T13:30:11Z,200,application/pdf,1226005,aa5277bd6dddfe31671d2c89376cdf63e05a7dbeae2499cc986e4a601c07a4ee,captured,raw/control/pdf/MW-SPRD-OpenLetter-06282011-pdf.pdf,
muddywaters.report_pdf,https://muddywatersresearch.com/wp-content/uploads/2011/06/MW_TRE_Ties_That_Blind_Part1.pdf,2026-09-11T13:30:11Z,200,application/pdf,2519279,ed948556456a0f907655fc16dd7deaaefd5e123552dcae6d81b0ebc89b59d651,captured,raw/control/pdf/MW-TRE-Ties-That-Blind-Part1-pdf.pdf,
muddywaters.report_pdf,https://muddywatersresearch.com/wp-content/uploads/2011/11/MW_FMCN_11212011.pdf,2026-09-11T13:30:11Z,200,application/pdf,4321955,38e05044daf170ed87e57b0166890c60b5eb4655df457d5b40ce99f509cd47f3,captured,raw/control/pdf/MW-FMCN-11212011-pdf.pdf,
muddywaters.report_pdf,https://muddywatersresearch.com/wp-content/uploads/2011/11/MW_FMCN_112911_Final.pdf,2026-09-11T13:30:11Z,200,application/pdf,2129244,d5de4aa35658f29ad85323dfd431cf088e94f416720b4b7dc6f4d3acb5b95e3c,captured,raw/control/pdf/MW-FMCN-112911-Final-pdf.pdf,
muddywaters.report_pdf,https://muddywatersresearch.com/wp-content/uploads/2011/12/MW_FMCN_Toilet%20Paper_120911.pdf,2026-09-11T13:30:11Z,200,application/pdf,3171656,cade6f0be2aec88049e6e0171f90ab667131ad3b5d0a1483b564422dba5be67f,captured,raw/control/pdf/MW-FMCN-Toilet-20Paper-120911-pdf.pdf,
muddywaters.report_pdf,https://muddywatersresearch.com/wp-content/uploads/2012/01/MW_FMCN_GinsengPlantation_010612.pdf,2026-09-11T13:30:11Z,200,application/pdf,329995,9c07a532991a15e894f156a4b170f6e85b97d5586bd62ac76b6ce3082a26300d,captured,raw/control/pdf/MW-FMCN-GinsengPlantation-010612-pdf.pdf,
muddywaters.report_pdf,https://muddywatersresearch.com/wp-content/uploads/2012/02/MW_FMCN_Cardboard%20LCD.pdf,2026-09-11T13:30:11Z,200,application/pdf,266434,7b559ee1c1f7803d4035566e47a8d7e04d9f222e3a7b3a0442990a02c7383d1b,captured,raw/control/pdf/MW-FMCN-Cardboard-20LCD-pdf.pdf,
muddywaters.report_pdf,https://muddywatersresearch.com/wp-content/uploads/2011/03/CCME_IrrefutableEvidence_030211.pdf,2026-09-11T13:30:11Z,200,application/pdf,2972847,5fc860ab67d5e4414ca37a753be1a23fbedf0a62c9cd3430c0753d9895732b5a,captured,raw/control/pdf/CCME-IrrefutableEvidence-030211-pdf.pdf,
muddywaters.report_pdf,https://muddywatersresearch.com/wp-content/uploads/2012/07/MW_EDU_07182012.pdf,2026-09-11T13:30:11Z,200,application/pdf,4271136,d7395836293ab5ecf1bfaac40851e02d6da8a0fd26f61fd1f8165b3857159361,captured,raw/control/pdf/MW-EDU-07182012-pdf.pdf,
muddywaters.report_pdf,https://muddywatersresearch.com/wp-content/uploads/2012/11/MW_OLAM_11272012.pdf,2026-09-11T13:30:11Z,200,application/pdf,7123620,c867ed90c9e80b1b6e7dd9ca2f44db39ee57193fad798019cde1916fa467e6a1,captured,raw/control/pdf/MW-OLAM-11272012-pdf.pdf,
muddywaters.report_pdf,https://muddywatersresearch.com/wp-content/uploads/2012/11/MW_OLAM_12042012.pdf,2026-09-11T13:30:11Z,200,application/pdf,142721,e6c6e0fa3c079a26478dd6313292ba06da93c36d6c03c4becddbc285eed1cfd9,captured,raw/control/pdf/MW-OLAM-12042012-pdf.pdf,
muddywaters.report_pdf,https://muddywatersresearch.com/wp-content/uploads/2013/01/MW_FMCN_AnotherLie.pdf,2026-09-11T13:30:11Z,200,application/pdf,256214,f2a47d9b84b7de123207a5f3d98ef9fdf8687705738c9c33aab7267f5ea0e561,captured,raw/control/pdf/MW-FMCN-AnotherLie-pdf.pdf,
muddywaters.report_pdf,https://muddywatersresearch.com/wp-content/uploads/2013/02/MW_OLAM_Q22013.pdf,2026-09-11T13:30:11Z,200,application/pdf,180634,a9fe53949966ed2f0cd67c712d827ff281020f28900080b386c2e8c113c39c5f,captured,raw/control/pdf/MW-OLAM-Q22013-pdf.pdf,
muddywaters.report_pdf,https://muddywatersresearch.com/wp-content/uploads/2012/11/MW_OLAM_11302012.pdf,2026-09-11T13:30:11Z,200,application/pdf,346462,53864ec01f765a2a3dd1fe853ddf508876f576297c9e40c04d9abed81ef0dd4a,captured,raw/control/pdf/MW-OLAM-11302012-pdf.pdf,
muddywaters.report_pdf,https://muddywatersresearch.com/wp-content/uploads/2013/07/MW_AMT_FULL_07172013.pdf,2026-09-11T13:30:11Z,200,application/pdf,22634291,5387b6845bee01fb9f7f0bd4d7f9c0b42fd06d8d5496a894b626204d2a602611,captured,raw/control/pdf/MW-AMT-FULL-07172013-pdf.pdf,
muddywaters.report_pdf,https://muddywatersresearch.com/wp-content/uploads/2013/08/MW_AMT_08012013.pdf,2026-09-11T13:30:11Z,200,application/pdf,227157,2481a3677dc6e6814d1390644d50c9f028535f149be416008102989247b569df,captured,raw/control/pdf/MW-AMT-08012013-pdf.pdf,
muddywaters.report_pdf,https://muddywatersresearch.com/wp-content/uploads/2013/08/MW_AMT_08122013.pdf,2026-09-11T13:30:11Z,200,application/pdf,718957,2c0aa76f42f8ad9c90fcee4eebafb3990e3a52185d820c49bd780630694e2fd2,captured,raw/control/pdf/MW-AMT-08122013-pdf.pdf,
muddywaters.report_pdf,https://muddywatersresearch.com/wp-content/uploads/2013/09/MW_OLAM_09022013.pdf,2026-09-11T13:30:11Z,200,application/pdf,651275,871caf353ba8d13aee349da972c5cd638a66f26b1ca781816300ca0bb3a9e51c,captured,raw/control/pdf/MW-OLAM-09022013-pdf.pdf,
muddywaters.report_pdf,https://muddywatersresearch.com/wp-content/uploads/2013/09/MW_AMT_09062013.pdf,2026-09-11T13:30:11Z,200,application/pdf,626144,5fbc2ac1612b375a36734b0a71c83846390b8f6783ca8e45f1c086e0ef3e6787,captured,raw/control/pdf/MW-AMT-09062013-pdf.pdf,
muddywaters.report_pdf,https://muddywatersresearch.com/wp-content/uploads/2013/10/MW_NQ_10242013.pdf,2026-09-11T13:30:11Z,200,application/pdf,6491835,dbac168b29f78630ba697c4e07a098fba15830eebe3af276141c5cebd4ada982,captured,raw/control/pdf/MW-NQ-10242013-pdf.pdf,
muddywaters.report_pdf,https://muddywatersresearch.com/wp-content/uploads/2013/10/MW_NQ_10292013.pdf,2026-09-11T13:30:11Z,200,application/pdf,431257,9aae6ad173017869154bbb1d3b0c72e34fda6b7f00588dc15e1df0df7b23bb9b,captured,raw/control/pdf/MW-NQ-10292013-pdf.pdf,
muddywaters.report_pdf,https://muddywatersresearch.com/wp-content/uploads/2013/11/MW_NQ_11012013.pdf,2026-09-11T13:30:11Z,200,application/pdf,434585,675ad3ca7b8785c2beb72d876b057c7fcee659c24da0b9c575b14cecc3927896,captured,raw/control/pdf/MW-NQ-11012013-pdf.pdf,
muddywaters.report_pdf,https://muddywatersresearch.com/wp-content/uploads/2013/11/MW_NQ_11062013.pdf,2026-09-11T13:30:11Z,200,application/pdf,1276776,20a195fe0496bf378b4aac428d8d1232504f324c9b31b16d7169f81fab19892c,captured,raw/control/pdf/MW-NQ-11062013-pdf.pdf,
muddywaters.report_pdf,https://muddywatersresearch.com/wp-content/uploads/2013/11/MW_NQ_11122013.pdf,2026-09-11T13:30:11Z,200,application/pdf,1024878,6861b6fab7626082d92331271eb1b390fba5caac3be6c8274a859b8f821047c1,captured,raw/control/pdf/MW-NQ-11122013-pdf.pdf,
muddywaters.report_pdf,https://muddywatersresearch.com/wp-content/uploads/2013/12/MW_OfferToNQIC_12192013.pdf,2026-09-11T13:30:11Z,200,application/pdf,656121,e96909db24a2b657be3716025327a394e542f62b8af5eece7ba386ebb74fce1a,captured,raw/control/pdf/MW-OfferToNQIC-12192013-pdf.pdf,
muddywaters.report_pdf,https://muddywatersresearch.com/wp-content/uploads/2014/04/MW_NQ_04132014.pdf,2026-09-11T13:30:11Z,200,application/pdf,896872,4b910b126074ca33ed5864bdcf6f9fc2af3d5ecbb562a4adad2912191fb8940f,captured,raw/control/pdf/MW-NQ-04132014-pdf.pdf,
muddywaters.report_pdf,https://muddywatersresearch.com/wp-content/uploads/2014/06/MW_NQ_06042014.pdf,2026-09-11T13:30:11Z,200,application/pdf,745466,6ff23c843998423654cba5a882f8d56e9ac1ecd2c1f7c0c08893f9c274eed99b,captured,raw/control/pdf/MW-NQ-06042014-pdf.pdf,
muddywaters.report_pdf,https://muddywatersresearch.com/wp-content/uploads/2014/07/MW_NQ_07062014.pdf,2026-09-11T13:30:11Z,200,application/pdf,815414,b5712cb993a72674b74c2520a31915476b2ecf4e48674492d45609eaa9c14f84,captured,raw/control/pdf/MW-NQ-07062014-pdf.pdf,
muddywaters.report_pdf,https://muddywatersresearch.com/wp-content/uploads/2014/11/MW_SuperbSummit_11202014.pdf,2026-09-11T13:30:11Z,200,application/pdf,2811646,b6c9bb60a3575afde81a360a4f57a0e91c7b7eec8a844a983ba86677def7b5ba,captured,raw/control/pdf/MW-SuperbSummit-11202014-pdf.pdf,
muddywaters.report_pdf,https://muddywatersresearch.com/wp-content/uploads/2015/02/MW_Bollore_02172015.pdf,2026-09-11T13:30:11Z,200,application/pdf,5347588,0c219f10a7fbaab27de3386268e9edf8e4ec603228f89bef320ff9c1d659afae,captured,raw/control/pdf/MW-Bollore-02172015-pdf.pdf,
muddywaters.report_pdf,https://muddywatersresearch.com/wp-content/uploads/2015/04/MW_NOBL_04092015.pdf,2026-09-11T13:30:11Z,200,application/pdf,1092610,0f508b1ae6cdc8a8776b35202da6d94bba3786adc9e6007b41c946df3ec6e16a,captured,raw/control/pdf/MW-NOBL-04092015-pdf.pdf,
muddywaters.report_pdf,https://muddywatersresearch.com/wp-content/uploads/2015/10/MW_TLSN_OpenLetter_10152015.pdf,2026-09-11T13:30:11Z,200,application/pdf,1959877,077dab21afef822dab58ba0a76fde110aef5acc5d732648f85757223f8be5d0f,captured,raw/control/pdf/MW-TLSN-OpenLetter-10152015-pdf.pdf,
muddywaters.report_pdf,https://muddywatersresearch.com/wp-content/uploads/2015/12/MW_CO_12162015_b.pdf,2026-09-11T13:30:11Z,200,application/pdf,5801808,c068c96d5b37c0b27e8e1af412110c587bac1282c246a296d98b4968f4b39536,captured,raw/control/pdf/MW-CO-12162015-b-pdf.pdf,
muddywaters.report_pdf,https://muddywatersresearch.com/wp-content/uploads/2016/01/MW_CO_01132016.pdf,2026-09-11T13:30:11Z,200,application/pdf,1077978,82b53056da7aa39962d76c8afc8afa193687ea75273759be4cf8a6e61a5fb4ec,captured,raw/control/pdf/MW-CO-01132016-pdf.pdf,
muddywaters.report_pdf,https://muddywatersresearch.com/wp-content/uploads/2016/03/MW_CO_03082016.pdf,2026-09-11T13:30:11Z,200,application/pdf,538977,cdb56bdad7e1246e98561f083cc6a103c895fc5161896f02be7b0cb1fbb4790d,captured,raw/control/pdf/MW-CO-03082016-pdf.pdf,
muddywaters.report_pdf,https://muddywatersresearch.com/wp-content/uploads/2016/04/MW_SAX_04212016.pdf,2026-09-11T13:30:11Z,200,application/pdf,7681321,a84b632cc02bb2b64922908e45301a7e4c1ffa59152570cb89be25209b0fdf1e,captured,raw/control/pdf/MW-SAX-04212016-pdf.pdf,
muddywaters.report_pdf,https://muddywatersresearch.com/wp-content/uploads/2016/04/MW_SAX_04282016.pdf,2026-09-11T13:30:11Z,200,application/pdf,1302263,80e1550b1001cb71a98b5f8147c3a3e5b88e0150e48be680068aa480e13394dd,captured,raw/control/pdf/MW-SAX-04282016-pdf.pdf,
muddywaters.report_pdf,https://muddywatersresearch.com/wp-content/uploads/2016/08/MW_SAX_Transcript_08102016.pdf,2026-09-11T13:30:11Z,200,application/pdf,1101601,6902577a983e50059f512c8e605feeea85d46afb85d0293485d540432c30d2f7,captured,raw/control/pdf/MW-SAX-Transcript-08102016-pdf.pdf,
muddywaters.report_pdf,https://muddywatersresearch.com/wp-content/uploads/2016/08/MW_STJ_08252016_2.pdf,2026-09-11T13:30:11Z,200,application/pdf,4559099,868ddd60631f491396dad6ba3b7308335e5aaa2f2cd55a006c46dba960a7924d,captured,raw/control/pdf/MW-STJ-08252016-2-pdf.pdf,
muddywaters.report_pdf,https://muddywatersresearch.com/wp-content/uploads/2016/08/MW_STJ_08292016.pdf,2026-09-11T13:30:11Z,200,application/pdf,737392,8ebbda075ba35eca67de484b9b4b9e587ffaaac14a7d5ca54c21378cfa98da46,captured,raw/control/pdf/MW-STJ-08292016-pdf.pdf,
muddywaters.report_pdf,https://muddywatersresearch.com/wp-content/uploads/2016/12/MW_6594_JP_20161213.pdf,2026-09-11T13:30:11Z,200,application/pdf,4969985,e30dc180cfff2fa3a9837e9d4da8aa732512e0cb60d8cdd6c3e6ba3b7c029b7f,captured,raw/control/pdf/MW-6594-JP-20161213-pdf.pdf,
muddywaters.report_pdf,https://muddywatersresearch.com/wp-content/uploads/2016/12/MW_6863_HK_20161216.pdf,2026-09-11T13:30:11Z,200,application/pdf,8140956,1cbace240147f5cc2d97d7f2c2915612d712e2a916a0687bee9c642ed5d3f1d6,captured,raw/control/pdf/MW-6863-HK-20161216-pdf.pdf,
muddywaters.report_pdf,https://muddywatersresearch.com/wp-content/uploads/2017/06/MW_Response_ManWah_20170616.pdf,2026-09-11T13:30:11Z,200,application/pdf,4404696,8703cb7624bda5c657d1f95d8977530539b798dd319cae393b4a1ccaad29ebac,captured,raw/control/pdf/MW-Response-ManWah-20170616-pdf.pdf,
muddywaters.report_pdf,https://muddywatersresearch.com/wp-content/uploads/2016/12/MW_6863_HK_20161219.pdf,2026-09-11T13:30:11Z,200,application/pdf,6460532,b89538d1363994a05503e92475577e7dbc61aa723dd29f61105b775f85cd8145,captured,raw/control/pdf/MW-6863-HK-20161219-pdf.pdf,
muddywaters.report_pdf,https://muddywatersresearch.com/wp-content/uploads/2017/06/MW_Short_PRTA_06292017.pdf,2026-09-11T13:30:11Z,200,application/pdf,1390266,14cb6aa1aed833257f03277617b0fac1809192b32273f47789be6ac1c0864504,captured,raw/control/pdf/MW-Short-PRTA-06292017-pdf.pdf,
muddywaters.report_pdf,https://muddywatersresearch.com/wp-content/uploads/2017/12/MWR_OSIS_20171206.pdf,2026-09-11T13:30:11Z,200,application/pdf,4026321,030173ac382c4704902847178b4b22605c459f67e269536b8d27b033fd7272a3,captured,raw/control/pdf/MWR-OSIS-20171206-pdf.pdf,
muddywaters.report_pdf,https://muddywatersresearch.com/wp-content/uploads/2018/01/MWR_OSIS_20180131.pdf,2026-09-11T13:30:11Z,200,application/pdf,770059,ec90dc134a4c052aa59d8b7dc38c8e17266b5c0543b51b867ae8c7f44b07d34d,captured,raw/control/pdf/MWR-OSIS-20180131-pdf.pdf,
muddywaters.report_pdf,https://muddywatersresearch.com/wp-content/uploads/2018/02/MW_IQE_02082018.pdf,2026-09-11T13:30:11Z,200,application/pdf,4015239,402c0333a743e6b764b3fb4972878d028a3a37ff41ad0947e93eb3743e10091b,captured,raw/control/pdf/MW-IQE-02082018-pdf.pdf,
muddywaters.report_pdf,https://muddywatersresearch.com/wp-content/uploads/2018/06/MWR_TAL_Part-I_20180613.pdf,2026-09-11T13:30:11Z,200,application/pdf,7846898,8eeceac26ecce7dfa13bac5353ffedfd04115b52f685dbf4d8fa75a5a2678205,captured,raw/control/pdf/MWR-TAL-Part-I-20180613-pdf.pdf,
muddywaters.report_pdf,https://muddywatersresearch.com/wp-content/uploads/2018/07/MW_TAL_Part-2_20180702.pdf,2026-09-11T13:30:11Z,200,application/pdf,1087159,0ff56ca0f1a4a9c06acdc3f24bf290b20ceedcf6a488e134944bc96d5a22cf09,captured,raw/control/pdf/MW-TAL-Part-2-20180702-pdf.pdf,
muddywaters.report_pdf,https://muddywatersresearch.com/wp-content/uploads/2018/07/MW_TAL_Part-4_20180725.pdf,2026-09-11T13:30:11Z,200,application/pdf,903348,7c94c115a2c6dc2bcc1c4920c4327cbbd7b37bb71a568b3ff447c811ce8fc0e2,captured,raw/control/pdf/MW-TAL-Part-4-20180725-pdf.pdf,
muddywaters.report_pdf,https://muddywatersresearch.com/wp-content/uploads/2018/07/MW_TAL_Part-3_20180723.pdf,2026-09-11T13:30:11Z,200,application/pdf,428010,977585be52a320bce1f0ae7fc0eb090d75d20ffe592751d95ff5d7a5573a5649,captured,raw/control/pdf/MW-TAL-Part-3-20180723-pdf.pdf,
muddywaters.report_pdf,https://muddywatersresearch.com/wp-content/uploads/2019/07/MW_ANTA_20190722_PART_V.pdf,2026-09-11T13:30:11Z,200,application/pdf,5858105,1a4b6edd18855039094b474591951caddae09ca599cbb6fabbd8646fe0378fb9,captured,raw/control/pdf/MW-ANTA-20190722-PART-V-pdf.pdf,
muddywaters.report_pdf,https://muddywatersresearch.com/wp-content/uploads/2019/07/MW_ANTA_20190708_PART_I-1.pdf,2026-09-11T13:30:11Z,200,application/pdf,4492948,e2b7cfbe296328dfe0ba8339a6aeff0240fd25a48ad273b3c6556d89c1b95a5a,captured,raw/control/pdf/MW-ANTA-20190708-PART-I-1-pdf.pdf,
muddywaters.report_pdf,https://muddywatersresearch.com/wp-content/uploads/2019/07/MW_ANTA_20190709_PART_II.pdf,2026-09-11T13:30:11Z,200,application/pdf,5459757,815ecd5555040973cbf18b1185a25f30d9a950aa1df5b886d47a3dd17adae821,captured,raw/control/pdf/MW-ANTA-20190709-PART-II-pdf.pdf,
muddywaters.report_pdf,https://muddywatersresearch.com/wp-content/uploads/2019/07/MW_ANTA_20190715_PART_IV.pdf,2026-09-11T13:30:11Z,200,application/pdf,952063,d8d0aa249ed467244e7069e500efeb86ac3259f63cf067cc1542a94ffb22f54e,captured,raw/control/pdf/MW-ANTA-20190715-PART-IV-pdf.pdf,
muddywaters.report_pdf,https://muddywatersresearch.com/wp-content/uploads/2019/07/MW_ANTA_20190710_PART_III.pdf,2026-09-11T13:30:11Z,200,application/pdf,1617282,fb710230c536277756f68307e6ef1fdbd64352639752a5825da582ccb4b4b689,captured,raw/control/pdf/MW-ANTA-20190710-PART-III-pdf.pdf,
muddywaters.report_pdf,https://muddywatersresearch.com/wp-content/uploads/2019/09/MW_CO_05242019_Fr_2.pdf,2026-09-11T13:30:11Z,200,application/pdf,72468,40583418d0ea6e0ea3a3a4f542fbc59fd3502cbe636b1cf9450e893569db352f,captured,raw/control/pdf/MW-CO-05242019-Fr-2-pdf.pdf,
muddywaters.report_pdf,https://muddywatersresearch.com/wp-content/uploads/2019/09/MW_CO_05242019_En_2.pdf,2026-09-11T13:30:11Z,200,application/pdf,68615,82ce2d0076eea5bb68cdcb0aac2014215c9db707f2c82f0a4ddfede56e9fdaa6,captured,raw/control/pdf/MW-CO-05242019-En-2-pdf.pdf,
muddywaters.report_pdf,https://muddywatersresearch.com/wp-content/uploads/2019/08/MW_BUR_08072019.pdf,2026-09-11T13:30:11Z,200,application/pdf,2257915,bbef108034506357a613bd490bacbdcf89d14af668934ea450e6a2ade71c8c91,captured,raw/control/pdf/MW-BUR-08072019-pdf.pdf,
muddywaters.report_pdf,https://muddywatersresearch.com/wp-content/uploads/2019/08/MW_BUR_08132019.pdf,2026-09-11T13:30:11Z,200,application/pdf,1201343,6fbab4520ad3cfb05c5aa731a9bd656919099b8c0d98645025f1b8ce71a6faf2,captured,raw/control/pdf/MW-BUR-08132019-pdf.pdf,
muddywaters.report_pdf,https://muddywatersresearch.com/wp-content/uploads/2019/08/MW_BUR_Behavioral_Analysis_08162019.pdf,2026-09-11T13:30:11Z,200,application/pdf,865349,1c2ce7c4142a93ce14301e5a40989424b29a7c91a30e8f18065d098223a281d5,captured,raw/control/pdf/MW-BUR-Behavioral-Analysis-08162019-pdf.pdf,
muddywaters.report_pdf,https://muddywatersresearch.com/wp-content/uploads/2019/08/MW_BUR_08272019-1.pdf,2026-09-11T13:30:11Z,200,application/pdf,673727,69f534af327ec094f4e13ca32cb51ae9f90b183220f9b861cab215bc3a468988,captured,raw/control/pdf/MW-BUR-08272019-1-pdf.pdf,
muddywaters.report_pdf,https://muddywatersresearch.com/wp-content/uploads/2019/09/MW_BUR_09242019.pdf,2026-09-11T13:30:11Z,200,application/pdf,770771,5111cbd867a602c2e49291ae957fce93878745ef630bb4524ac60ed68a43d321,captured,raw/control/pdf/MW-BUR-09242019-pdf.pdf,
muddywaters.report_pdf,https://muddywatersresearch.com/wp-content/uploads/2018/10/MW_MFC_201801004.pdf,2026-09-11T13:30:11Z,200,application/pdf,675985,6a9c7146099f6e69763eb03634b06be8dfbcce8cae25610dc02b6e1c6c827196,captured,raw/control/pdf/MW-MFC-201801004-pdf.pdf,
muddywaters.report_pdf,https://muddywatersresearch.com/wp-content/uploads/2017/05/MW_AKG_20170531.pdf,2026-09-11T13:30:11Z,200,application/pdf,13333967,a45a0119314eb6e914800a76193fd3426579bc0424cad8318136ebde04594418,captured,raw/control/pdf/MW-AKG-20170531-pdf.pdf,
muddywaters.report_pdf,https://muddywatersresearch.com/wp-content/uploads/2017/06/MW_AKG_Puppies_and_Rainbows_20170605.pdf,2026-09-11T13:30:11Z,200,application/pdf,11082737,b0a1ff33f2d13f6e5910b436b5f13c95a91205eea91bdad7251e46f52c69bc61,captured,raw/control/pdf/MW-AKG-Puppies-and-Rainbows-20170605-pdf.pdf,
muddywaters.report_pdf,https://muddywatersresearch.com/wp-content/uploads/2019/02/MW_INGN_20190225.pdf,2026-09-11T13:30:11Z,200,application/pdf,793904,099355c197ba568cd21d2dc7f131e1707e2dd76809e5bd7b5c502d4a6fb3a2e2,captured,raw/control/pdf/MW-INGN-20190225-pdf.pdf,
muddywaters.report_pdf,https://muddywatersresearch.com/wp-content/uploads/2019/02/MW_INGN_20190208.pdf,2026-09-11T13:30:11Z,200,application/pdf,4504572,253be1d2085df1913e93bea6c631d0b3278ac0d68bebb700386761ee4a6236f5,captured,raw/control/pdf/MW-INGN-20190208-pdf.pdf,
muddywaters.report_pdf,https://muddywatersresearch.com/wp-content/uploads/2017/12/MWR_CIFS_12202017.pdf,2026-09-11T13:30:11Z,200,application/pdf,3888139,f0e8c9a72e3cd21b5b518ea20b9f64f2664f02d5a94582c486051a111a937967,captured,raw/control/pdf/MWR-CIFS-12202017-pdf.pdf,
muddywaters.report_pdf,https://muddywatersresearch.com/wp-content/uploads/2019/11/MW_PeptiDream_20191107_EN.pdf,2026-09-11T13:30:11Z,200,application/pdf,4349513,4bdf90a74b2145b93210896ae995c7a4dab76942052e953e644b740201e7e9c7,captured,raw/control/pdf/MW-PeptiDream-20191107-EN-pdf.pdf,
muddywaters.report_pdf,https://muddywatersresearch.com/wp-content/uploads/2019/12/MW_NMC_12172019-1.pdf,2026-09-11T13:30:11Z,200,application/pdf,2224672,fa9f5ab26f3c4f5aeae08d73278f6fcd21b2144f99069899eb1885f1ed46d254,captured,raw/control/pdf/MW-NMC-12172019-1-pdf.pdf,
muddywaters.report_pdf,https://muddywatersresearch.com/wp-content/uploads/2020/02/MW_NMC_02102020.pdf,2026-09-11T13:30:11Z,200,application/pdf,829682,1236753ffc5f138f007877fbc1cbc6e4b5ece817009a47f3798adb89d911022a,captured,raw/control/pdf/MW-NMC-02102020-pdf.pdf,
muddywaters.report_pdf,https://muddywatersresearch.com/wp-content/uploads/2020/02/MW_BUR_02102020.pdf,2026-09-11T13:30:11Z,200,application/pdf,1025784,4fba5b8322096dd653a471c774f07ee7b59b6824b3968c9617eacd687ba854e5,captured,raw/control/pdf/MW-BUR-02102020-pdf.pdf,
muddywaters.report_pdf,https://muddywatersresearch.com/wp-content/uploads/2020/04/MW_EHTH_04082020.pdf,2026-09-11T13:30:11Z,200,application/pdf,4526792,63b904ed95c7634fe0a49146f59de39d80096ad32b464f107694dba7ddca6d9c,captured,raw/control/pdf/MW-EHTH-04082020-pdf.pdf,
muddywaters.report_pdf,https://muddywatersresearch.com/wp-content/uploads/2020/05/MW_BUR_05122020.pdf,2026-09-11T13:30:11Z,200,application/pdf,1652942,2652c950c7adeff39729fe3cf82e9eff892f3e142aef36753942ae8b0bc334b9,captured,raw/control/pdf/MW-BUR-05122020-pdf.pdf,
muddywaters.report_pdf,https://muddywatersresearch.com/wp-content/uploads/2020/05/MW_GSX_05282020.pdf,2026-09-11T13:30:11Z,200,application/pdf,849268,56dcb9ae98b0a1f5189b9d8213f15ee82dd50969e94f4ed976b0e00f2abf4e09,captured,raw/control/pdf/MW-GSX-05282020-pdf.pdf,
muddywaters.report_pdf,https://muddywatersresearch.com/wp-content/uploads/2020/05/MW_GSX_05182020.pdf,2026-09-11T13:30:11Z,200,application/pdf,5762949,da37b9a686ec271219ab79994a7ae59741dd7b3ce300ae22ea47bd4ac395db1d,captured,raw/control/pdf/MW-GSX-05182020-pdf.pdf,
muddywaters.report_pdf,https://muddywatersresearch.com/wp-content/uploads/2020/06/MW_EHTH_06022020.pdf,2026-09-11T13:30:11Z,200,application/pdf,1159962,4a8f7bfd5e804205277a4b5087ff2a8fc4b41dde8c83eee365843f6ecea9f026,captured,raw/control/pdf/MW-EHTH-06022020-pdf.pdf,
muddywaters.report_pdf,https://muddywatersresearch.com/wp-content/uploads/2020/09/MW_NNOX_09022020.pdf,2026-09-11T13:30:11Z,200,application/pdf,1348162,320c820c140d12c9ae0d87d0ec5834505acbb60cee47f4358ef00ef6aed91c5a,captured,raw/control/pdf/MW-NNOX-09022020-pdf.pdf,
muddywaters.report_pdf,https://muddywatersresearch.com/wp-content/uploads/2020/11/MW_MPLN_11112020.pdf,2026-09-11T13:30:11Z,200,application/pdf,1469142,fddb46e51279580b6b8da52565ba55fe4290b50d3c81039ab63976fd24487b77,captured,raw/control/pdf/MW-MPLN-11112020-pdf.pdf,
muddywaters.report_pdf,https://muddywatersresearch.com/wp-content/uploads/2020/11/MW_YY_11182020.pdf,2026-09-11T13:30:11Z,200,application/pdf,4278706,958f575ea246b8d52babd5cc5be992766825b3bc90642be742251ebbb7f6ab6a,captured,raw/control/pdf/MW-YY-11182020-pdf.pdf,
muddywaters.report_pdf,https://muddywatersresearch.com/wp-content/uploads/2021/03/MW_XL_20210303.pdf,2026-09-11T13:30:11Z,200,application/pdf,3840726,aca1f85a7cffafdf4845f0833cf0a8a37d40a6b4130f22e63aad38160f16c233,captured,raw/control/pdf/MW-XL-20210303-pdf.pdf,
muddywaters.report_pdf,https://muddywatersresearch.com/wp-content/uploads/2021/03/MW_XL_03102021.pdf,2026-09-11T13:30:11Z,200,application/pdf,858648,bb5a3785ae415550633b1dd1ab5472862f07fcc55c5d4ddcd96dc8b96ee4bb29,captured,raw/control/pdf/MW-XL-03102021-pdf.pdf,
muddywaters.report_pdf,https://muddywatersresearch.com/wp-content/uploads/2021/05/MW_OpenLetterToLMND_05132021-1.pdf,2026-09-11T13:30:11Z,200,application/pdf,5674507,fdfaddaf2d6da4a8cf5c1f849ad61eebdb877d168d4e1174ed8a3a23df3e199e,captured,raw/control/pdf/MW-OpenLetterToLMND-05132021-1-pdf.pdf,
muddywaters.report_pdf,https://muddywatersresearch.com/wp-content/uploads/2021/05/MW_S30_-05242021.pdf,2026-09-11T13:30:11Z,200,application/pdf,900699,7a8e63f63c2c8d58ecdb730483189f19818202f58a8a7e07b0200f01ab57afb3,captured,raw/control/pdf/MW-S30-05242021-pdf.pdf,
muddywaters.report_pdf,https://muddywatersresearch.com/wp-content/uploads/2021/09/MW_DNMR_09152021.pdf,2026-09-11T13:30:11Z,200,application/pdf,2052178,068bbedd5b92806c6bff6d058a702320526eb702769779852a18dcb87f56f5fd,captured,raw/control/pdf/MW-DNMR-09152021-pdf.pdf,
muddywaters.report_pdf,https://muddywatersresearch.com/wp-content/uploads/2021/12/MW_BEKE_12162021.pdf,2026-09-11T13:30:11Z,200,application/pdf,5972371,03f2cfd82eb7b14c44daef1c2429ac7cb0c6c5ab073f628df16c32cceced21d6,captured,raw/control/pdf/MW-BEKE-12162021-pdf.pdf,
muddywaters.report_pdf,https://muddywatersresearch.com/wp-content/uploads/2022/07/MW_HASI_07122022.pdf,2026-09-11T13:30:11Z,200,application/pdf,2884295,c7ac093e6f2c7da966eb03d94a2e771e661f708de93de91ac35c867ff408a068,captured,raw/control/pdf/MW-HASI-07122022-pdf.pdf,
muddywaters.report_pdf,https://muddywatersresearch.com/wp-content/uploads/2022/08/MW_RUN_08032022.pdf,2026-09-11T13:30:11Z,200,application/pdf,692658,b816cc6d4fc5fece29ac93c1350261e1055520e38f86012154e824d610a7699c,captured,raw/control/pdf/MW-RUN-08032022-pdf.pdf,
muddywaters.report_pdf,https://muddywatersresearch.com/wp-content/uploads/2022/07/MW_RUN_07282022.pdf,2026-09-11T13:30:11Z,200,application/pdf,2101306,12f7796e917068b95369a7e3f28e5b8c19da8363e61d1c6e92ab30f68453d1dc,captured,raw/control/pdf/MW-RUN-07282022-pdf.pdf,
muddywaters.report_pdf,https://muddywatersresearch.com/wp-content/uploads/2022/08/MW_HASI_08252022.pdf,2026-09-11T13:30:11Z,200,application/pdf,3313813,3df3f28ff75c8c24d99327b9aef648ad9eceb164d6151fdcada6ad0835b41082,captured,raw/control/pdf/MW-HASI-08252022-pdf.pdf,
muddywaters.report_pdf,https://muddywatersresearch.com/wp-content/uploads/2022/11/MW_DLO_11162022.pdf,2026-09-11T13:30:11Z,200,application/pdf,5992866,7b9987a7cf816759a7d4758d11415c743581491092cafc67f892738d834323e4,captured,raw/control/pdf/MW-DLO-11162022-pdf.pdf,
muddywaters.report_pdf,https://muddywatersresearch.com/wp-content/uploads/2022/11/MW_DLO_12012022.pdf,2026-09-11T13:30:11Z,200,application/pdf,210737,aebe336bbdb17a3847e1883866559c9ca4b7f1b1959327111385b6f8990a8366,captured,raw/control/pdf/MW-DLO-12012022-pdf.pdf,
muddywaters.report_pdf,https://muddywatersresearch.com/wp-content/uploads/2022/12/MW_VIVION_12142022.pdf,2026-09-11T13:30:11Z,200,application/pdf,5172221,929b8919390746a5bec21dd997b4d2eefc5c4159a6db66d336d4ba25b0bb396a,captured,raw/control/pdf/MW-VIVION-12142022-pdf.pdf,
muddywaters.report_pdf,https://muddywatersresearch.com/wp-content/uploads/2023/03/MW_VIVION_20230328.pdf,2026-09-11T13:30:11Z,200,application/pdf,7344791,8db29f68f8ceecb80b000a18194130b79bb9f19cb3cbba1332fd4b30104e6cbb,captured,raw/control/pdf/MW-VIVION-20230328-pdf.pdf,
muddywaters.report_pdf,https://muddywatersresearch.com/wp-content/uploads/2023/05/MW_KDNY_20230516.pdf,2026-09-11T13:30:11Z,200,application/pdf,4377204,46d13bf9ae852206bc189726b2db913d67fe4aa80954fd8ae2eaf62b9dcad067,captured,raw/control/pdf/MW-KDNY-20230516-pdf.pdf,
muddywaters.report_pdf,https://muddywatersresearch.com/wp-content/uploads/2023/06/MW_KDNY_More-Deception_20230607.pdf,2026-09-11T13:30:11Z,200,application/pdf,1065071,d91d0edd2f8ece19fec16522f01d16bcc084f8bbb95e6e1767d316e6a4a00e57,captured,raw/control/pdf/MW-KDNY-More-Deception-20230607-pdf.pdf,
muddywaters.report_pdf,https://muddywatersresearch.com/wp-content/uploads/2023/08/MW_VIVION_20230804.pdf,2026-09-11T13:30:11Z,200,application/pdf,4202981,f99931d415d004be4ac7a0eaf61ac0f2317aa462fe9c078c6b25e05be2c373bf,captured,raw/control/pdf/MW-VIVION-20230804-pdf.pdf,
muddywaters.report_pdf,https://muddywatersresearch.com/wp-content/uploads/2023/11/Sunrun_JustMakingItUp_20231101.pdf,2026-09-11T13:30:11Z,200,application/pdf,809237,69e5bd0ad0b19a3759ab08e6e3445f341cf756427d963532c2572aaa81a68db4,captured,raw/control/pdf/Sunrun-JustMakingItUp-20231101-pdf.pdf,
muddywaters.report_pdf,https://muddywatersresearch.com/wp-content/uploads/2023/10/Sunrun_MW_Robinhood_20231025.pdf,2026-09-11T13:30:11Z,200,application/pdf,1439998,a009fc21932421e3ff50b66f399342157e76d3521cbc45a84689278b4eb258c2,captured,raw/control/pdf/Sunrun-MW-Robinhood-20231025-pdf.pdf,
muddywaters.report_pdf,https://muddywatersresearch.com/wp-content/uploads/2023/11/CPIPGR_20231121_Part1.pdf,2026-09-11T13:30:11Z,200,application/pdf,5072892,fa11b4c46ad656370d78b8069e5f607df17795af5d88800ecab8f940c70ba608,captured,raw/control/pdf/CPIPGR-20231121-Part1-pdf.pdf,
muddywaters.report_pdf,https://muddywatersresearch.com/wp-content/uploads/2023/11/CPI_Questions-for-Management-Part-1_20231130.pdf,2026-09-11T13:30:11Z,200,application/pdf,759895,e8920ed260b28112e87cda75331b20a7ad05fcdf05d867d6e4d2e055a14b936f,captured,raw/control/pdf/CPI-Questions-for-Management-Part-1-20231130-pdf.pdf,
muddywaters.report_pdf,https://muddywatersresearch.com/wp-content/uploads/2023/12/MW_BXMT_20231206.pdf,2026-09-11T13:30:11Z,200,application/pdf,4326221,4407433c12aa3f617d8bd435c9b813f15ac628af5cdab71af31609e36648f634,captured,raw/control/pdf/MW-BXMT-20231206-pdf.pdf,
muddywaters.report_pdf,https://muddywatersresearch.com/wp-content/uploads/2024/01/CPI_Part-II_20240122.pdf,2026-09-11T13:30:11Z,200,application/pdf,7384406,d677cea493b5d7513c2474c0684fe95c8c1cebf9fc9b5b900ec2a646583297bb,captured,raw/control/pdf/CPI-Part-II-20240122-pdf.pdf,
muddywaters.report_pdf,https://muddywatersresearch.com/wp-content/uploads/2024/01/CPI_Part-III_20240125.pdf,2026-09-11T13:30:11Z,200,application/pdf,3282061,baa7ce68575ac25b1d076decc353bd33a0a8036dc3bd26df98c0c36354db9522,captured,raw/control/pdf/CPI-Part-III-20240125-pdf.pdf,
muddywaters.report_pdf,https://muddywatersresearch.com/wp-content/uploads/2024/02/Fairfax_MWQuestionsForQ423Call.pdf,2026-09-11T13:30:11Z,200,application/pdf,467872,b4d18a51fda3182c4d9fd94b92b07dab2763760d1abfcc402a60afb7b5b6bf56,captured,raw/control/pdf/Fairfax-MWQuestionsForQ423Call-pdf.pdf,
muddywaters.report_pdf,https://muddywatersresearch.com/wp-content/uploads/2024/02/Fairfax-Financial_FFH_MW_20240208.pdf,2026-09-11T13:30:11Z,200,application/pdf,3689060,0792152ecef28a071df9eb3ed2d2e5e80c90f60b5b43581154a15ed247a88e04,captured,raw/control/pdf/Fairfax-Financial-FFH-MW-20240208-pdf.pdf,
muddywaters.report_pdf,https://muddywatersresearch.com/wp-content/uploads/2024/04/CPI_MWQuestionsForCPIPGApril2024Call.pdf,2026-09-11T13:30:11Z,200,application/pdf,1497975,940bb64e12f1e0d8b1e782a61acc99a9c5ab235b09101eb967cef47da2da9e0b,captured,raw/control/pdf/CPI-MWQuestionsForCPIPGApril2024Call-pdf.pdf,
muddywaters.report_pdf,https://muddywatersresearch.com/wp-content/uploads/2024/05/CPIPGR_Pondering_20240529.pdf,2026-09-11T13:30:11Z,200,application/pdf,1996436,33e8efe69db1930261255ebaee7589abeb66a206dae77334ec9547aee71505cc,captured,raw/control/pdf/CPIPGR-Pondering-20240529-pdf.pdf,
muddywaters.report_pdf,https://muddywatersresearch.com/wp-content/uploads/2024/06/CPIPGR_Soaring-BS_20240603.pdf,2026-09-11T13:30:11Z,200,application/pdf,2153396,fb3eb82c32147da02aa4881cdca8c034d8565ba6495dd10d99cdfedf2687c811,captured,raw/control/pdf/CPIPGR-Soaring-BS-20240603-pdf.pdf,
muddywaters.report_pdf,https://muddywatersresearch.com/wp-content/uploads/2024/06/Eurofins_OptimizedMalfeasance_20240624_sm.pdf,2026-09-11T13:30:11Z,200,application/pdf,3046947,f65d63066b3da37af426abc1539046e0e5e1cb0a42e750924e8ab34fad7b3957,captured,raw/control/pdf/Eurofins-OptimizedMalfeasance-20240624-sm-pdf.pdf,
muddywaters.report_pdf,https://muddywatersresearch.com/wp-content/uploads/2024/07/Eurofins_Nothing-but-Net_20240703.pdf,2026-09-11T13:30:11Z,200,application/pdf,2385887,9cb8d8d51b7ea5ad3678cf48b53f1e5b77339a322ad2584cf582420936cbc4e2,captured,raw/control/pdf/Eurofins-Nothing-but-Net-20240703-pdf.pdf,
muddywaters.report_pdf,https://muddywatersresearch.com/wp-content/uploads/2024/07/Eurofins_More-Cash-Questions_20240723.pdf,2026-09-11T13:30:11Z,200,application/pdf,355778,4c0ebcfaacd08d45a949c4bc01eb162fa66dfa9adb2394f00db3bc8512c8a8c8,captured,raw/control/pdf/Eurofins-More-Cash-Questions-20240723-pdf.pdf,
muddywaters.report_pdf,https://muddywatersresearch.com/wp-content/uploads/2024/11/ELF_Report_20241120_Final.pdf,2026-09-11T13:30:11Z,200,application/pdf,4775389,b484bb85273fcbd7caa547a381d3e3ed23124b558e294f2ef9a06cdec8780487,captured,raw/control/pdf/ELF-Report-20241120-Final-pdf.pdf,
muddywaters.report_pdf,https://muddywatersresearch.com/wp-content/uploads/2025/01/MW_01152025.pdf,2026-09-11T13:30:11Z,200,application/pdf,2570110,cfc970ee502dc4e6f5b8f14447ae6dbe27177e0403921e9abd7485b13b56df11,captured,raw/control/pdf/MW-01152025-pdf.pdf,
muddywaters.report_pdf,https://muddywatersresearch.com/wp-content/uploads/2025/03/MW_03032025.pdf,2026-09-11T13:30:11Z,200,application/pdf,3355576,e1b2176a1a04e72075e6bdb8f6e9e6d4321a36259ce80bb26fd7f22be8dd1c65,captured,raw/control/pdf/MW-03032025-pdf.pdf,
muddywaters.report_pdf,https://muddywatersresearch.com/wp-content/uploads/2025/03/MW_20250327-2.pdf,2026-09-11T13:30:11Z,200,application/pdf,2941690,af1d1631e313ebba9bea8fd8c5ee4f0d2e505cfb7d21274d0c1df0cc785d9562,captured,raw/control/pdf/MW-20250327-2-pdf.pdf,
muddywaters.report_pdf,https://muddywatersresearch.com/wp-content/uploads/2025/05/MW_APP_20250507.pdf,2026-09-11T13:30:11Z,200,application/pdf,1801319,c78cdbf02304fe5765318c17c1212253b8400ce29c68068afa5aeb0bfb7e22c6,captured,raw/control/pdf/MW-APP-20250507-pdf.pdf,
muddywaters.report_pdf,https://muddywatersresearch.com/wp-content/uploads/2026/03/MWR_20260317.pdf,2026-09-11T13:30:11Z,200,application/pdf,4186140,6d4bff185dcab494b4e2b58a894438a5ccfce550ded710b6a2856e0d85f6c744,captured,raw/control/pdf/MWR-20260317-pdf.pdf,
muddywaters.report_pdf,https://muddywatersresearch.com/wp-content/uploads/2026/03/MWR_SOFI_11QUESTIONS_0200321.pdf,2026-09-11T13:30:11Z,200,application/pdf,381264,48ff3250b7a24944e752ae99d21820000ecd2eb7d56ab087c99899e3d3800afd,captured,raw/control/pdf/MWR-SOFI-11QUESTIONS-0200321-pdf.pdf,
muddywaters.report_pdf,https://muddywatersresearch.com/wp-content/uploads/2026/03/MW_SOFI_BorrowingSales_20260330.pdf,2026-09-11T13:30:11Z,200,application/pdf,914405,3626e44bb7827a48e55345304b812252d1924f5d31a92fe08675edd191201078,captured,raw/control/pdf/MW-SOFI-BorrowingSales-20260330-pdf.pdf,
muddywaters.report_pdf,https://muddywatersresearch.com/wp-content/uploads/2026/04/MW_SRAD_Appendix_20260422.pdf,2026-09-11T13:30:11Z,200,application/pdf,5906276,3ef0c41d3c2169aa99198e3ea417cd15fa084484ff3da825e043d9f783704692,captured,raw/control/pdf/MW-SRAD-Appendix-20260422-pdf.pdf,
muddywaters.report_pdf,https://muddywatersresearch.com/wp-content/uploads/2026/06/MW_ENSG_20260611.pdf,2026-09-11T13:30:11Z,200,application/pdf,3183478,2ffe86b0f6db3a031f418393938951f9632c44f10e1ab81152c69d7969f64641,captured,raw/control/pdf/MW-ENSG-20260611-pdf.pdf,
muddywaters.report_pdf,https://muddywatersresearch.com/wp-content/uploads/2012/04/MW_FraudSchool_20120410.pdf,2026-09-11T13:30:11Z,200,application/pdf,8795634,45124827458f0621523a487d17dc421207a160e9aafc9d20aba28a58f47b710e,captured,raw/control/pdf/MW-FraudSchool-20120410-pdf.pdf,
muddywaters.report_pdf,https://muddywatersresearch.com/wp-content/uploads/2012/04/MW_FrauducationSupportingDocs.pdf,2026-09-11T13:30:11Z,200,application/pdf,8497398,5a954314fd96dca777d0e5890ee6f0e2721be353487765b46c546c15b4ac5777,captured,raw/control/pdf/MW-FrauducationSupportingDocs-pdf.pdf,
muddywaters.report_pdf,https://muddywatersresearch.com/wp-content/uploads/2012/04/MW_FrauducationWhitePaper.pdf,2026-09-11T13:30:11Z,200,application/pdf,3457092,4374ccff5200a923b9fcd43a446d67c619e426b7442c3f1aca9b5108b7f8704a,captured,raw/control/pdf/MW-FrauducationWhitePaper-pdf.pdf,
sprucepoint.report_pdf,https://cdn.prod.website-files.com/64dd091f91b3ca8e6309dc0d/64e7a86c6bb00910fc55a98d_twou_research_thesis_7-19-2018.pdf,2026-09-11T13:30:11Z,200,application/pdf,3174092,b8d38972b1e6ee7291c566696995672223e72ce6812adbc18087dfc1f03fa12d,captured,raw/control/pdf/64e7a86c6bb00910fc55a98d-twou-research-thesis-7-19-2018-pdf.pdf,
sprucepoint.report_pdf,https://cdn.prod.website-files.com/64dd091f91b3ca8e6309dc0d/6500a5e9a86d5b368364f17b_acm_short_thesis_8-16-2016.pdf,2026-09-11T13:30:11Z,200,application/pdf,3345235,3bfd9940c022fee12ed1865070654180cbe6e978cecfbe2ebdd220fee226fb9a,captured,raw/control/pdf/6500a5e9a86d5b368364f17b-acm-short-thesis-8-16-2016-pdf.pdf,
sprucepoint.report_pdf,https://cdn.prod.website-files.com/64dd091f91b3ca8e6309dc0d/64e7aadfc0bdec055bbf398b_avav_short_research_11-8-2017.pdf,2026-09-11T13:30:11Z,200,application/pdf,4613366,5cb99c1d207d24e4f0a8a208f0687ad5f2b7fc1bc0c250991451ae3622796a28,captured,raw/control/pdf/64e7aadfc0bdec055bbf398b-avav-short-research-11-8-2017-pdf.pdf,
sprucepoint.report_pdf,https://cdn.prod.website-files.com/64dd091f91b3ca8e6309dc0d/64e7a2826f65f9001f73b95d_amcr_research_thesis_3-10-2020.pdf,2026-09-11T13:30:10Z,200,application/pdf,6995849,f5044b8d259f97c8576c2911cd7711d8cbc7430ff98590a26425e830654277a8,captured,raw/control/pdf/64e7a2826f65f9001f73b95d-amcr-research-thesis-3-10-2020-pdf.pdf,
sprucepoint.report_pdf,https://cdn.prod.website-files.com/64dd091f91b3ca8e6309dc0d/651531842f1e2221b8dda804_ame_research_thesis_11-13-2014.pdf,2026-09-11T13:30:11Z,200,application/pdf,10009603,abb0bd101e7aadbacbe009841cb5db9234998646a0894ef2b6647c7c87622741,captured,raw/control/pdf/651531842f1e2221b8dda804-ame-research-thesis-11-13-2014-pdf.pdf,
sprucepoint.report_pdf,https://cdn.prod.website-files.com/64dd091f91b3ca8e6309dc0d/64e7a0c998f16e3861a166ce_avy_research_thesis_11-10-2020.pdf,2026-09-11T13:30:10Z,200,application/pdf,9715692,597b43908c83a574a48199bb9ff83df0b6a0d2ba1a415e59357a452f8bebba85,captured,raw/control/pdf/64e7a0c998f16e3861a166ce-avy-research-thesis-11-10-2020-pdf.pdf,
sprucepoint.report_pdf,https://cdn.prod.website-files.com/64dd091f91b3ca8e6309dc0d/650311bd5ea1a69e3597fd15_bv_research_6-14-2012.pdf,2026-09-11T13:30:11Z,200,application/pdf,150870,57bfb5642428a89c7885bc7ed67ab51396eb7742d466f68cd5500dfca2362ec1,captured,raw/control/pdf/650311bd5ea1a69e3597fd15-bv-research-6-14-2012-pdf.pdf,
sprucepoint.report_pdf,https://cdn.prod.website-files.com/64dd091f91b3ca8e6309dc0d/64e795dbc1d8102777b974d4_br_research_thesis_9-28-2022.pdf,2026-09-11T13:30:10Z,200,application/pdf,5281794,2a8a53e496a862fa3e074d084ffcfe9b1219848ec82d38769889c8d14eaa10d1,captured,raw/control/pdf/64e795dbc1d8102777b974d4-br-research-thesis-9-28-2022-pdf.pdf,
sprucepoint.report_pdf,https://cdn.prod.website-files.com/64dd091f91b3ca8e6309dc0d/64f9e40e89cd0a14ce3ca7a6_cste_shortresearch_thesis_8-19-2015.pdf,2026-09-11T13:30:11Z,200,application/pdf,8096326,661765619c2d77f3af857ebedce355b027cefb62568b77cff688905261887dd5,captured,raw/control/pdf/64f9e40e89cd0a14ce3ca7a6-cste-shortresearch-thesis-8-19-2015-pdf.pdf,
sprucepoint.report_pdf,https://cdn.prod.website-files.com/64dd091f91b3ca8e6309dc0d/64e7a68c6897fb7e318024dd_cvna_research_thesis_update_3-1-2019.pdf,2026-09-11T13:30:11Z,200,application/pdf,7387819,7b27fd744a614d54e82dde1a46b0b2888556c995b3cdfd6f3a4f90dfdc912f33,captured,raw/control/pdf/64e7a68c6897fb7e318024dd-cvna-research-thesis-update-3-1-2019-pdf.pdf,
sprucepoint.report_pdf,https://cdn.prod.website-files.com/64dd091f91b3ca8e6309dc0d/64e7a4cfc4950214996e74ae_chd_research_thesis_9-5-2019-compactado.pdf,2026-09-11T13:30:10Z,200,application/pdf,3590289,8c72f7d2a2aded5cc5d32dee1204e76a74245221b70c4764284567b23f2eb116,captured,raw/control/pdf/64e7a4cfc4950214996e74ae-chd-research-thesis-9-5-2019-compactado-pdf.pdf,
sprucepoint.report_pdf,https://cdn.prod.website-files.com/64dd091f91b3ca8e6309dc0d/67924a8394e5006c58a4717e_road_research_thesis_1-23-2025.pdf,2026-09-11T13:30:11Z,200,application/pdf,6154650,d04fee8f7618b53dc2ef718e54766af73f71eddb4f6ee8126a09a8bb2f2d09bb,captured,raw/control/pdf/67924a8394e5006c58a4717e-road-research-thesis-1-23-2025-pdf.pdf,
sprucepoint.report_pdf,https://cdn.prod.website-files.com/64dd091f91b3ca8e6309dc0d/64e7a7a2f831d4e84f660e03_dol_research_thesis_10-31-2018.pdf,2026-09-11T13:30:11Z,200,application/pdf,5262329,bc290ea7a68905f5db93dfff44fd355c05010842e5a75c9eda2f96c7f8194817,captured,raw/control/pdf/64e7a7a2f831d4e84f660e03-dol-research-thesis-10-31-2018-pdf.pdf,
sprucepoint.report_pdf,https://cdn.prod.website-files.com/64dd091f91b3ca8e6309dc0d/68dfc60fbafe67c5e00ace41_dkng_research_thesis_10-3-2025.pdf,2026-09-11T13:30:11Z,200,application/pdf,4430443,fb19d0b1ca3438aec310fb00a84a0151ab43a77fb51653857088aae76f8f3659,captured,raw/control/pdf/68dfc60fbafe67c5e00ace41-dkng-research-thesis-10-3-2025-pdf.pdf,
sprucepoint.report_pdf,https://cdn.prod.website-files.com/64dd091f91b3ca8e6309dc0d/654ce813639957c9a510e897_elf_research_thesis_11-9-2023.pdf,2026-09-11T13:30:11Z,200,application/pdf,3914836,e8482e37f20e92ac23b3dfc0e686728129d7de45cec2257de6f2fbbcab9611d7,captured,raw/control/pdf/654ce813639957c9a510e897-elf-research-thesis-11-9-2023-pdf.pdf,
sprucepoint.report_pdf,https://cdn.prod.website-files.com/64dd091f91b3ca8e6309dc0d/64e7ab0017cf8b3968f648ea_evi_short_research_10-3-2017.pdf,2026-09-11T13:30:11Z,200,application/pdf,3445843,9c95fd437840701d3ad645ddf85be5b9373f66424d473e7ebdacd256a665a759,captured,raw/control/pdf/64e7ab0017cf8b3968f648ea-evi-short-research-10-3-2017-pdf.pdf,
sprucepoint.report_pdf,https://cdn.prod.website-files.com/64dd091f91b3ca8e6309dc0d/64e798916782e9016eea9425_figs_research_thesis_9-7-2022-compressed.pdf,2026-09-11T13:30:10Z,200,application/pdf,8577341,11cd1146433d5e03c69e0c82e90c29570b31ef872e4371852bd584d7245ad627,captured,raw/control/pdf/64e798916782e9016eea9425-figs-research-thesis-9-7-2022-compressed-pdf.pdf,
sprucepoint.report_pdf,https://cdn.prod.website-files.com/64dd091f91b3ca8e6309dc0d/64e7a0f21c61a77d824b274c_fsct_research_thesis_5-13-2020.pdf,2026-09-11T13:30:10Z,200,application/pdf,5831246,bc27fb6554032a0922b8f010e3888211a285d6a6074b29e8ca9eeff1eb778f2d,captured,raw/control/pdf/64e7a0f21c61a77d824b274c-fsct-research-thesis-5-13-2020-pdf.pdf,
sprucepoint.report_pdf,https://cdn.prod.website-files.com/64dd091f91b3ca8e6309dc0d/64e7ac06fbc59db2f47166a3_gntx_short_thesis_7-13-2017.pdf,2026-09-11T13:30:11Z,200,application/pdf,7163021,81f6f85df8cbd015a06350cc86651fc4f4f047229fe611c111e4feaa8e7a03a1,captured,raw/control/pdf/64e7ac06fbc59db2f47166a3-gntx-short-thesis-7-13-2017-pdf.pdf,
sprucepoint.report_pdf,https://cdn.prod.website-files.com/64dd091f91b3ca8e6309dc0d/64e7a9f820046acc0bfb8300_glob_research_thesis_4-4-2018.pdf,2026-09-11T13:30:11Z,200,application/pdf,2457006,76f2ea4060c25f3b3ebd302c8a4e4f7c3b75437c30530a2579215a7972ff1366,captured,raw/control/pdf/64e7a9f820046acc0bfb8300-glob-research-thesis-4-4-2018-pdf.pdf,
sprucepoint.report_pdf,https://cdn.prod.website-files.com/64dd091f91b3ca8e6309dc0d/64e7a7c446182dd6ef3863a2_hsic_research_thesis_9-26-2018.pdf,2026-09-11T13:30:11Z,200,application/pdf,3265395,ceee7fd2210e315727d1823fbe528decdbfc3a0f4adcb31f2ebd497734f0aea8,captured,raw/control/pdf/64e7a7c446182dd6ef3863a2-hsic-research-thesis-9-26-2018-pdf.pdf,
sprucepoint.report_pdf,https://cdn.prod.website-files.com/64dd091f91b3ca8e6309dc0d/64e44361e4ad113bb6538f87_hims_research_thesis_7-13-2023.pdf,2026-09-11T13:30:10Z,200,application/pdf,8813041,6ef1b694f4983e3b77983efaa55e15aab4534a9a24d27c9f83bb36fbcd3f98a5,captured,raw/control/pdf/64e44361e4ad113bb6538f87-hims-research-thesis-7-13-2023-pdf.pdf,
sprucepoint.report_pdf,https://cdn.prod.website-files.com/64dd091f91b3ca8e6309dc0d/69148d79f039440db9a1deec_ipx_research_thesis_11-12-2025.pdf,2026-09-11T13:30:11Z,200,application/pdf,9650374,2be1863460c0dbc4a6eed9c437507b6e10fbba68bb0d88ef9ddb22fee32a8ee3,captured,raw/control/pdf/69148d79f039440db9a1deec-ipx-research-thesis-11-12-2025-pdf.pdf,
sprucepoint.report_pdf,https://cdn.prod.website-files.com/64dd091f91b3ca8e6309dc0d/6500a8788a8bf17596bdb4fd_irsa_shortresearch_11-19-2015.pdf,2026-09-11T13:30:11Z,200,application/pdf,4422008,3bd9f0404c54f13342d233f11f545ff0561f4300fa11eca17d0636a7385e1cf7,captured,raw/control/pdf/6500a8788a8bf17596bdb4fd-irsa-shortresearch-11-19-2015-pdf.pdf,
sprucepoint.report_pdf,https://cdn.prod.website-files.com/64dd091f91b3ca8e6309dc0d/6515f16d219245d1431e2224_64e7a98299c8e4af958e5cf6_ktos_research_thesis_3-16-2018.pdf,2026-09-11T13:30:11Z,200,application/pdf,3061149,d3da9f79b2964eb107494637eae1225a984e5518c9127efaf07f608e7476f7d1,captured,raw/control/pdf/6515f16d219245d1431e2224-64e7a98299c8e4af958e5cf6-ktos-research-thesis-3-16-2018.pdf,
sprucepoint.report_pdf,https://cdn.prod.website-files.com/64dd091f91b3ca8e6309dc0d/64e79d60a28273be82195de7_lspd_research_thesis_9-29-2021.pdf,2026-09-11T13:30:10Z,200,application/pdf,9319082,6f0ba65eb4e72910f7c87e79d7c6b997a54cc689cc06e7f0da5b83686a6911d0,captured,raw/control/pdf/64e79d60a28273be82195de7-lspd-research-thesis-9-29-2021-pdf.pdf,
sprucepoint.report_pdf,https://cdn.prod.website-files.com/64dd091f91b3ca8e6309dc0d/64e79febce464f906155bf6f_mgni_research_thesis_1-7-2021.pdf,2026-09-11T13:30:10Z,200,application/pdf,3942544,097e9d674bac4c507b92a92c584cb4b2b56d475e4fafe0728d8308597f5f447a,captured,raw/control/pdf/64e79febce464f906155bf6f-mgni-research-thesis-1-7-2021-pdf.pdf,
sprucepoint.report_pdf,https://cdn.prod.website-files.com/64dd091f91b3ca8e6309dc0d/64e7a781f831d4e84f65e8bf_mrcy_research_update_10-17-2018.pdf,2026-09-11T13:30:11Z,200,application/pdf,5482568,24a9a6a7bdacd5a390076ecfcfdb4f1cb94f0e887854220d44820e3e8c6effde,captured,raw/control/pdf/64e7a781f831d4e84f65e8bf-mrcy-research-update-10-17-2018-pdf.pdf,
sprucepoint.report_pdf,https://cdn.prod.website-files.com/64dd091f91b3ca8e6309dc0d/65173905ff36f7e817521913_650312fe08901b9bd5cc02b6_mill_research_thesis_6-11-2010.pdf,2026-09-11T13:30:11Z,200,application/pdf,168541,050fe603fc70164111d0f37205c19e487aed5e9803f0e60650386d0647f5dfb7,captured,raw/control/pdf/65173905ff36f7e817521913-650312fe08901b9bd5cc02b6-mill-research-thesis-6-11-2010.pdf,
sprucepoint.report_pdf,https://cdn.prod.website-files.com/64dd091f91b3ca8e6309dc0d/680645c6b06dea974358e0cf_mnst_research_thesis_4-8-2025.pdf,2026-09-11T13:30:11Z,200,application/pdf,5995733,b4d84ee10f8b2b2245bd7816969b00b1f13f331a1016f7c0e516568c45fc202b,captured,raw/control/pdf/680645c6b06dea974358e0cf-mnst-research-thesis-4-8-2025-pdf.pdf,
sprucepoint.report_pdf,https://cdn.prod.website-files.com/64dd091f91b3ca8e6309dc0d/65275e2d769cc3dc7c64e0f3_64e56477063401015773b1f1_nvei_research_thesis_12-9-2021-SM.pdf,2026-09-11T13:30:11Z,200,application/pdf,7122163,ac12d644d3e44371d5af2185fcb06180d6cfb2321a96e78358a387fedc78b291,captured,raw/control/pdf/65275e2d769cc3dc7c64e0f3-64e56477063401015773b1f1-nvei-research-thesis-12-9-2021.pdf,
sprucepoint.report_pdf,https://cdn.prod.website-files.com/64dd091f91b3ca8e6309dc0d/64e52e50b27f0dc4c537861c_peri_research_thesis_5-23-2023.pdf,2026-09-11T13:30:10Z,200,application/pdf,8905615,cc02dc4fc815831ebb57b66dd7b273dd918e73981988264f99b7571fc694b27d,captured,raw/control/pdf/64e52e50b27f0dc4c537861c-peri-research-thesis-5-23-2023-pdf.pdf,
sprucepoint.report_pdf,https://cdn.prod.website-files.com/64dd091f91b3ca8e6309dc0d/64e7a2f6c5a049723c21314b_plug_research_thesis_12-19-2019.pdf,2026-09-11T13:30:10Z,200,application/pdf,5076598,d0d3a7689e78fb7ada9cd26278a86af0d300f332d206573102481d71ad23abd6,captured,raw/control/pdf/64e7a2f6c5a049723c21314b-plug-research-thesis-12-19-2019-pdf.pdf,
sprucepoint.report_pdf,https://cdn.prod.website-files.com/64dd091f91b3ca8e6309dc0d/64e7a3cd9aab5ca06a893b37_pinc_research_thesis_9-25-2019.pdf,2026-09-11T13:30:10Z,200,application/pdf,2737607,fe10e3bfabc24c27996bebebf87e4d08c881867f0f6b9b6020543ec55b2a3e0d,captured,raw/control/pdf/64e7a3cd9aab5ca06a893b37-pinc-research-thesis-9-25-2019-pdf.pdf,
sprucepoint.report_pdf,https://cdn.prod.website-files.com/64dd091f91b3ca8e6309dc0d/64e79258baae2437751fb9a3_pgny_research_thesis_2-7-2023.pdf,2026-09-11T13:30:10Z,200,application/pdf,7154010,56d42eb329ba9f9b567b99d6ae641e4d614408837e48673c0ee159f563254ec3,captured,raw/control/pdf/64e79258baae2437751fb9a3-pgny-research-thesis-2-7-2023-pdf.pdf,
sprucepoint.report_pdf,https://cdn.prod.website-files.com/64dd091f91b3ca8e6309dc0d/64e7aa4520046acc0bfbfe9f_o_research_thesis_2-7-2018.pdf,2026-09-11T13:30:11Z,200,application/pdf,2377796,8022362cf420bb7d9683a32ea8900277bab6f259954a932d121510424ff58645,captured,raw/control/pdf/64e7aa4520046acc0bfbfe9f-o-research-thesis-2-7-2018-pdf.pdf,
sprucepoint.report_pdf,https://cdn.prod.website-files.com/64dd091f91b3ca8e6309dc0d/6500a75530666988d6272744_sabr_short_thesis_4-13-2016.pdf,2026-09-11T13:30:11Z,200,application/pdf,3634003,37e6412f5a38b27b4a40a6cc72f33d00cc673d924e0fc7c3a1b102b866f98b37,captured,raw/control/pdf/6500a75530666988d6272744-sabr-short-thesis-4-13-2016-pdf.pdf,
sprucepoint.report_pdf,https://cdn.prod.website-files.com/64dd091f91b3ca8e6309dc0d/64e7962249e9064b27ca3d25_skx_research_thesis_7-19-2022.pdf,2026-09-11T13:30:10Z,200,application/pdf,2209050,4b5fe2e546e9ad347c845a1e76b41d2d31da642ef948a0d4c2a1a770a577593f,captured,raw/control/pdf/64e7962249e9064b27ca3d25-skx-research-thesis-7-19-2022-pdf.pdf,
sprucepoint.report_pdf,https://cdn.prod.website-files.com/64dd091f91b3ca8e6309dc0d/64e793a526ce001e3806513a_smci_research_thesis_1-10-2022.pdf,2026-09-11T13:30:10Z,200,application/pdf,2258216,f93f0ca17a16db416af0ee6d90fc90f0a3918126154bb838037f565eccefce76,captured,raw/control/pdf/64e793a526ce001e3806513a-smci-research-thesis-1-10-2022-pdf.pdf,
sprucepoint.report_pdf,https://cdn.prod.website-files.com/64dd091f91b3ca8e6309dc0d/6500a7b363c4f55354e64cdf_it_shortresearch_thesis_12-17-2015.pdf,2026-09-11T13:30:11Z,200,application/pdf,8672914,dfe1b42e710cd363f9e3a680217c6c98d4a59d3cf7f96b640ef9754e85208c82,captured,raw/control/pdf/6500a7b363c4f55354e64cdf-it-shortresearch-thesis-12-17-2015-pdf.pdf,
sprucepoint.report_pdf,https://cdn.prod.website-files.com/64dd091f91b3ca8e6309dc0d/6500a823fdae2558a9d93de4_tsem_shortresearch_thesis_1-14-2016.pdf,2026-09-11T13:30:11Z,200,application/pdf,7146413,1963c241496306502499c539ec75e079a01b3abfd67772258d64e2c162144f73,captured,raw/control/pdf/6500a823fdae2558a9d93de4-tsem-shortresearch-thesis-1-14-2016-pdf.pdf,
sprucepoint.report_pdf,https://cdn.prod.website-files.com/64dd091f91b3ca8e6309dc0d/650311e6335e1baaec88d858_uamy_research_9-2012.pdf,2026-09-11T13:30:11Z,200,application/pdf,786348,417b73456c215a42ca4ea6be5bc69dfb360fec5e13105ea9a44f21ab62a5a1aa,captured,raw/control/pdf/650311e6335e1baaec88d858-uamy-research-9-2012-pdf.pdf,
sprucepoint.report_pdf,https://cdn.prod.website-files.com/64dd091f91b3ca8e6309dc0d/6515c72f552305b3a0d05003_64e7a07e6a8b12b3aa0c353e_wdfc_research_thesis_4-2-2020.pdf,2026-09-11T13:30:11Z,200,application/pdf,7823646,22f3319adfdec3297acf9c2971eb0856ebf2aca79357b4d8e8cd04b1096215cd,captured,raw/control/pdf/6515c72f552305b3a0d05003-64e7a07e6a8b12b3aa0c353e-wdfc-research-thesis-4-2-2020-.pdf,
sprucepoint.report_pdf,https://cdn.prod.website-files.com/64dd091f91b3ca8e6309dc0d/66130eb84ccc35e970113cf7_wsp_research_thesis_4-3-2024.pdf,2026-09-11T13:30:11Z,200,application/pdf,4458415,75057af982c1cf0b7a3569f8beabf87c1468873a83dbb891bd0c7dfb9e0c9f95,captured,raw/control/pdf/66130eb84ccc35e970113cf7-wsp-research-thesis-4-3-2024-pdf.pdf,
sprucepoint.report_pdf,https://cdn.prod.website-files.com/64dd091f91b3ca8e6309dc0d/66b4bfe7610a7749f28c37ef_zbra_research_thesis_8-8-2024.pdf,2026-09-11T13:30:11Z,200,application/pdf,6705777,a8bb4af2cc117c888b8f0ba0f3dbae4c7a9a695d933aa2a3187b6de59774fbad,captured,raw/control/pdf/66b4bfe7610a7749f28c37ef-zbra-research-thesis-8-8-2024-pdf.pdf,
sprucepoint.report_pdf,https://cdn.prod.website-files.com/64dd091f91b3ca8e6309dc0d/64e7a584e89e5b70eec23d1c_aos_research_thesis_5-16-2019.pdf,2026-09-11T13:30:10Z,200,application/pdf,1793892,eee0591d25885a35e3ed44843271f5fce45a42de9a3a65657c77717485a2b600,captured,raw/control/pdf/64e7a584e89e5b70eec23d1c-aos-research-thesis-5-16-2019-pdf.pdf,
sprucepoint.report_pdf,https://cdn.prod.website-files.com/64dd091f91b3ca8e6309dc0d/67601b5bd20cda27210105e1_aeg_research_thesis_12-16-2024.pdf,2026-09-11T13:30:11Z,200,application/pdf,7563956,b97a8ec00b8ce4e0e42e72dc02f2311719f7b253304b6b2eedffec429f2b74df,captured,raw/control/pdf/67601b5bd20cda27210105e1-aeg-research-thesis-12-16-2024-pdf.pdf,
sprucepoint.report_pdf,https://cdn.prod.website-files.com/64dd091f91b3ca8e6309dc0d/64e7a63467897e605707cc23_ajrd_research_thesis_4-9-2019.pdf,2026-09-11T13:30:10Z,200,application/pdf,5785851,27806bc073fc07bae4bc47d500173c7d483935afc65a3855f0cbb092b2182f07,captured,raw/control/pdf/64e7a63467897e605707cc23-ajrd-research-thesis-4-9-2019-pdf.pdf,
stockanalysis.history,https://stockanalysis.com/api/symbol/s/acb/history?period=Daily&range=Max,2026-09-11T14:16:15Z,200,application/json,291998,33388c1cc24e3991dc096907e395bac769a6aae61cc851d45ff60566b23797c0,captured,raw/prices/ACB.json,
stockanalysis.history,https://stockanalysis.com/api/symbol/s/aeg/history?period=Daily&range=Max,2026-09-11T14:16:20Z,200,application/json,1074642,e55a2e93df1f6a1e6e4b60329a60e34d3f1c86b44c3797a4712279abdc8b99bd,captured,raw/prices/AEG.json,
stockanalysis.history,https://stockanalysis.com/api/symbol/s/ame/history?period=Daily&range=Max,2026-09-11T14:16:23Z,200,application/json,1640962,379dae62859651b531a69cb792692f50d22db121074f9c671d395c2cccd65a6c,captured,raw/prices/AME.json,
stockanalysis.history,https://stockanalysis.com/api/symbol/s/amt/history?period=Daily&range=Max,2026-09-11T14:16:26Z,200,application/json,798180,93bbe26a6ebd8c81940ec64b255dbf60f0c142c95a2d91d87a9ffbb319be956b,captured,raw/prices/AMT.json,
stockanalysis.history,https://stockanalysis.com/api/symbol/s/aos/history?period=Daily&range=Max,2026-09-11T14:16:28Z,200,application/json,1172839,07fedc6763ba26beb4182053e3b2b0455e31bad78e92a26c140f8b85485608d5,captured,raw/prices/AOS.json,
stockanalysis.history,https://stockanalysis.com/api/symbol/s/aph/history?period=Daily&range=Max,2026-09-11T14:16:32Z,200,application/json,991173,5c4eddaf3ce11cf9ed58756eac7b96345d8b5a6d92c5051c6fd382f055ab481d,captured,raw/prices/APH.json,
stockanalysis.history,https://stockanalysis.com/api/symbol/s/ax/history?period=Daily&range=Max,2026-09-11T14:16:35Z,200,application/json,570577,dc87a24ed90a248974fe5c997bd08f9c965de8ff0e3cbcc9a9163047e49fe252,captured,raw/prices/AX.json,
stockanalysis.history,https://stockanalysis.com/api/symbol/s/be/history?period=Daily&range=Max,2026-09-11T14:16:38Z,200,application/json,217737,875421184b0fee60075ca2d5a755756be55f253cfeaa8fa58811ce0de7df6be9,captured,raw/prices/BE.json,
stockanalysis.history,https://stockanalysis.com/api/symbol/s/bldp/history?period=Daily&range=Max,2026-09-11T14:16:42Z,200,application/json,800850,c7edb2d4f00664a1f82e0a18cf0d84d5beb848f78bb97e602dd9eb25fe313b47,captured,raw/prices/BLDP.json,
stockanalysis.history,https://stockanalysis.com/api/symbol/s/bysi/history?period=Daily&range=Max,2026-09-11T14:16:44Z,200,application/json,244082,0fb6409c1be709d5bf40d6fd9354af808c054cf49f5d3a51dd62ea1a08172af0,captured,raw/prices/BYSI.json,
stockanalysis.history,https://stockanalysis.com/api/symbol/s/cg/history?period=Daily&range=Max,2026-09-11T14:16:47Z,200,application/json,397968,9abfe33e76c9b275f1346712c2b2c8d5b56d30d6613d8987fbc0c5252c79f231,captured,raw/prices/CG.json,
stockanalysis.history,https://stockanalysis.com/api/symbol/s/chd/history?period=Daily&range=Max,2026-09-11T14:16:50Z,200,application/json,1162365,fb88a3edd40adc40b18bfc46f3a459ca88fff3c8d2e2a61831282f725afb7950,captured,raw/prices/CHD.json,
stockanalysis.history,https://stockanalysis.com/api/symbol/s/clov/history?period=Daily&range=Max,2026-09-11T14:16:53Z,200,application/json,163212,7c6b50d83152745b257a95b32123ce77e075c4e06e50cbf2ad557b3f3cbdb56b,captured,raw/prices/CLOV.json,
stockanalysis.history,https://stockanalysis.com/api/symbol/s/cnfn/history?period=Daily&range=Max,,,application/json,,,absent,,api 400
stockanalysis.history,https://stockanalysis.com/api/symbol/s/cocp/history?period=Daily&range=Max,2026-09-11T14:17:02Z,200,application/json,337824,fb836379347e6f5ed7ddc201d3c4d479d445b5fa13731875292e836769a35255,captured,raw/prices/COCP.json,
stockanalysis.history,https://stockanalysis.com/api/symbol/s/cvna/history?period=Daily&range=Max,2026-09-11T14:17:05Z,200,application/json,258098,f4ccb68c0c611b54d0ffec97a01755352ff3f2658a0a5964d1b8de5c1009fd75,captured,raw/prices/CVNA.json,
stockanalysis.history,https://stockanalysis.com/api/symbol/s/dave/history?period=Daily&range=Max,2026-09-11T14:17:08Z,200,application/json,142044,0144f8fda3d8eb6c14f19af3fdcd109b6c5ab82197fd24b45cfef27a4d6aed67,captured,raw/prices/DAVE.json,
stockanalysis.history,https://stockanalysis.com/api/symbol/s/dkng/history?period=Daily&range=Max,2026-09-11T14:17:10Z,200,application/json,187322,475759a4f4a146cef770f27029b6fb579630fb9d2a6c1f1dd2a7d06e874666f8,captured,raw/prices/DKNG.json,
stockanalysis.history,https://stockanalysis.com/api/symbol/s/dlo/history?period=Daily&range=Max,2026-09-11T14:17:13Z,200,application/json,145747,c8120d121aa479954a42b9568e8aaf1525758e06d46e019e9a559072babcec6d,captured,raw/prices/DLO.json,
stockanalysis.history,https://stockanalysis.com/api/symbol/s/ebon/history?period=Daily&range=Max,2026-09-11T14:17:16Z,200,application/json,161347,69035fb6f5b7f745ba08bc790867b3c1e18f0ba3393900d95396f8e530bc5f19,captured,raw/prices/EBON.json,
stockanalysis.history,https://stockanalysis.com/api/symbol/s/edu/history?period=Daily&range=Max,2026-09-11T14:17:19Z,200,application/json,560707,5b3aff5d04bede8c1c7e70f6aabe80d458a5e16e1b833b498e8f27f0b1df3be3,captured,raw/prices/EDU.json,
stockanalysis.history,https://stockanalysis.com/api/symbol/s/eh/history?period=Daily&range=Max,2026-09-11T14:17:22Z,200,application/json,177422,3d2d4180f2d66863d8a741ea447ba9be33639b53239860d9feb284467eee2a46,captured,raw/prices/EH.json,
stockanalysis.history,https://stockanalysis.com/api/symbol/s/eqix/history?period=Daily&range=Max,2026-09-11T14:17:25Z,200,application/json,737031,d2435a8b2fcdfe4dac2912d75926a3f65f5900f7187ba624477e9bbe4e005671,captured,raw/prices/EQIX.json,
stockanalysis.history,https://stockanalysis.com/api/symbol/s/esta/history?period=Daily&range=Max,2026-09-11T14:17:28Z,200,application/json,215982,2cfb634394bfbe5a37b9cb3e4cdb1c5976596faea7406280b729396f24ff4814,captured,raw/prices/ESTA.json,
stockanalysis.history,https://stockanalysis.com/api/symbol/s/fcel/history?period=Daily&range=Max,2026-09-11T14:17:32Z,200,application/json,1027376,66032b89bb64f2ab3b50ad9d2895e03cdcb770b322de5c8e69bc6629c6e5ba86,captured,raw/prices/FCEL.json,
stockanalysis.history,https://stockanalysis.com/api/symbol/s/figs/history?period=Daily&range=Max,2026-09-11T14:17:35Z,200,application/json,138163,5bdee5f2d55fd5c6c124fb42a4bae7ac91204691c53979055de79788aef33c72,captured,raw/prices/FIGS.json,
stockanalysis.history,https://stockanalysis.com/api/symbol/s/frhc/history?period=Daily&range=Max,2026-09-11T14:17:37Z,200,application/json,265986,950ee8e69b96c92cd1f9d7f2ea2b1fc7671b536e2831967b7c18f7020bc9c6ae,captured,raw/prices/FRHC.json,
stockanalysis.history,https://stockanalysis.com/api/symbol/s/geni/history?period=Daily&range=Max,2026-09-11T14:17:40Z,200,application/json,154115,f07ba33235c4294052bb964a97f1065c417c671d2742749beb58ed66e9913e29,captured,raw/prices/GENI.json,
stockanalysis.history,https://stockanalysis.com/api/symbol/s/glob/history?period=Daily&range=Max,2026-09-11T14:17:43Z,200,application/json,329708,8d9b76eef01a308d3f41f06c5d052451d2ffb102d7a355b6d0803c8ad77a4c84,captured,raw/prices/GLOB.json,
stockanalysis.history,https://stockanalysis.com/api/symbol/s/grwg/history?period=Daily&range=Max,2026-09-11T14:17:46Z,200,application/json,251910,ee23854a1e04981c6a22b5591d15c6cde6de6ca41e0afc0c1392f2230a3dd760,captured,raw/prices/GRWG.json,
stockanalysis.history,https://stockanalysis.com/api/symbol/s/hffg/history?period=Daily&range=Max,2026-09-11T14:17:49Z,200,application/json,204328,983f1f685db79cbdae3b81306c5df092d50a91f5e61040fd3e738fac8af945a8,captured,raw/prices/HFFG.json,
stockanalysis.history,https://stockanalysis.com/api/symbol/s/hsic/history?period=Daily&range=Max,2026-09-11T14:17:51Z,200,application/json,856804,84d11c60f5f5967651e7cc1faad8a2c047e421274aba8e183a53f2bc6d167324,captured,raw/prices/HSIC.json,
stockanalysis.history,https://stockanalysis.com/api/symbol/s/iep/history?period=Daily&range=Max,2026-09-11T14:17:54Z,200,application/json,1076753,5c4d5221be389a7cf5248033ee5561d6b8734f00de63b74dc95e14c9090543d8,captured,raw/prices/IEP.json,
stockanalysis.history,https://stockanalysis.com/api/symbol/s/ipx/history?period=Daily&range=Max,2026-09-11T14:17:57Z,200,application/json,106730,bd8b714e6ab19a6870aadefc099bfa420314c581ee7a3f9a91951e4c3e4868b3,captured,raw/prices/IPX.json,
stockanalysis.history,https://stockanalysis.com/api/symbol/s/irs/history?period=Daily&range=Max,2026-09-11T14:18:00Z,200,application/json,870663,96e34181d6c9255b45cf46ba3371caedf1ddbf9fc1666de56cddfae4601a7751,captured,raw/prices/IRS.json,
stockanalysis.history,https://stockanalysis.com/api/symbol/s/it/history?period=Daily&range=Max,2026-09-11T14:18:02Z,200,application/json,892973,d5264c1e2bf091ef50f32dc967b391eb43a0611ede8b9e528442324e9e6baa1a,captured,raw/prices/IT.json,
stockanalysis.history,https://stockanalysis.com/api/symbol/s/kndi/history?period=Daily&range=Max,2026-09-11T14:18:05Z,200,application/json,487060,738fa656f5755af6a3d06feb1d3e97483aa411f616caba5af004565bb3dc04a9,captured,raw/prices/KNDI.json,
stockanalysis.history,https://stockanalysis.com/api/symbol/s/knf/history?period=Daily&range=Max,2026-09-11T14:18:07Z,200,application/json,88072,053f713a52960b9fdda7a6e67c00046d84470b6ac6a3521123f3fc3adcf3a070,captured,raw/prices/KNF.json,
stockanalysis.history,https://stockanalysis.com/api/symbol/s/ko/history?period=Daily&range=Max,2026-09-11T14:18:13Z,200,application/json,1662714,48575b3449a4ccc024a6904cbefa868d0d5ae1c03e3d50267a81823fb88adc79,captured,raw/prices/KO.json,
stockanalysis.history,https://stockanalysis.com/api/symbol/s/kodk/history?period=Daily&range=Max,2026-09-11T14:18:16Z,200,application/json,333783,b52e83fc02f6a867b527b7cee4c6defa6daacdbf9230a37063333509e87a2d31,captured,raw/prices/KODK.json,
stockanalysis.history,https://stockanalysis.com/api/symbol/s/lfst/history?period=Daily&range=Max,2026-09-11T14:18:18Z,200,application/json,135435,cf1a4cc22024aabec7cb829a4c5acd1c22a415bbaa59b601ded4a333e717f9f6,captured,raw/prices/LFST.json,
stockanalysis.history,https://stockanalysis.com/api/symbol/s/loop/history?period=Daily&range=Max,2026-09-11T14:18:21Z,200,application/json,265855,e628cf21e2c564e6c6286c2e4247bd6e8de0fdfa006cfe43a136115365f93902,captured,raw/prices/LOOP.json,
stockanalysis.history,https://stockanalysis.com/api/symbol/s/lrn/history?period=Daily&range=Max,2026-09-11T14:18:23Z,200,application/json,500760,ddf73e7183e5671edeb9f5170ed932ef30742bdfb061205032777c8c67b512ab,captured,raw/prices/LRN.json,
stockanalysis.history,https://stockanalysis.com/api/symbol/s/lspd/history?period=Daily&range=Max,2026-09-11T14:18:26Z,200,application/json,160144,048f7e8a785382a7586e7190174cd34770f4015eb0cc0191fce1bc56b4de1463,captured,raw/prices/LSPD.json,
stockanalysis.history,https://stockanalysis.com/api/symbol/s/mara/history?period=Daily&range=Max,2026-09-11T14:18:29Z,200,application/json,362873,f8693c1c1fe2f1d5974d98e88fec5f2448083907d40332f8578c538b8ba41d2d,captured,raw/prices/MARA.json,
stockanalysis.history,https://stockanalysis.com/api/symbol/s/mfc/history?period=Daily&range=Max,2026-09-11T14:18:31Z,200,application/json,752631,044f17d3861ac00e10ffe60221703abb37c40d6bfa084fd90180ad7cc7df5c5c,captured,raw/prices/MFC.json,
stockanalysis.history,https://stockanalysis.com/api/symbol/s/mmm/history?period=Daily&range=Max,2026-09-11T14:18:36Z,200,application/json,1656041,65a022ff41a6e7987af89c2f1761cc08e09f287efd1764651505fc075b4bf9ef,captured,raw/prices/MMM.json,
stockanalysis.history,https://stockanalysis.com/api/symbol/s/mx/history?period=Daily&range=Max,2026-09-11T14:18:38Z,200,application/json,402489,3cc4b46fa513fc260177dcd00d3549918a41303bdc9b7d70b7e0bde481d60480,captured,raw/prices/MX.json,
stockanalysis.history,https://stockanalysis.com/api/symbol/s/nn/history?period=Daily&range=Max,2026-09-11T14:18:41Z,200,application/json,151755,22b8c42d7249e4b9c442f67fb3f53ce578d3c01843da67d68dc14836c8883f7e,captured,raw/prices/NN.json,
stockanalysis.history,https://stockanalysis.com/api/symbol/s/ntra/history?period=Daily&range=Max,2026-09-11T14:18:44Z,200,application/json,301787,a86d9d49ac2a9eff53903bcd12c7005f4abf10f45f2d285d880158efdb3ffc8d,captured,raw/prices/NTRA.json,
stockanalysis.history,https://stockanalysis.com/api/symbol/s/o/history?period=Daily&range=Max,2026-09-11T14:18:46Z,200,application/json,886316,4b13bca025cdfe0c95cee79387abd5ebd26f13e1c01bba9bf02688127cb4c888,captured,raw/prices/O.json,
stockanalysis.history,https://stockanalysis.com/api/symbol/s/onds/history?period=Daily&range=Max,2026-09-11T14:18:49Z,200,application/json,159321,05dc9af81d704795507fadc4541785dbcef90aa7ddad94464a94db8985d1a946,captured,raw/prices/ONDS.json,
stockanalysis.history,https://stockanalysis.com/api/symbol/s/opra/history?period=Daily&range=Max,2026-09-11T14:18:52Z,200,application/json,219565,fb7def58dc38a718cfc0ca988d90f9b6702ebf14e7b2cb45c39fb45f13ba1fad,captured,raw/prices/OPRA.json,
stockanalysis.history,https://stockanalysis.com/api/symbol/s/ora/history?period=Daily&range=Max,2026-09-11T14:18:55Z,200,application/json,604173,65efe74d8eb3ee10ca8aa4abc40952dd6135f70233eeb96eb41a65af2d73b513,captured,raw/prices/ORA.json,
stockanalysis.history,https://stockanalysis.com/api/symbol/s/osis/history?period=Daily&range=Max,2026-09-11T14:18:58Z,200,application/json,770797,5824f2326129f3ffef5ae03044819d497b5c8daf36c69c8ee54119775b1f20ed,captured,raw/prices/OSIS.json,
stockanalysis.history,https://stockanalysis.com/api/symbol/s/otly/history?period=Daily&range=Max,2026-09-11T14:19:01Z,200,application/json,137256,102ca1dad9bd2c991ea64b1afc9b7734b2b9436cb721fb7a2c2b51fe41b68cae,captured,raw/prices/OTLY.json,
stockanalysis.history,https://stockanalysis.com/api/symbol/s/pacs/history?period=Daily&range=Max,2026-09-11T14:19:04Z,200,application/json,64340,d2fdf445d2028cf552bc87fdca097dcb72d62173a7e7c56d89330f3f9ec4037c,captured,raw/prices/PACS.json,
stockanalysis.history,https://stockanalysis.com/api/symbol/s/pct/history?period=Daily&range=Max,2026-09-11T14:19:06Z,200,application/json,157127,dacfbbc74c4e55413ed6886b8e889243da4197f71f0dddf50b128cac301c8334,captured,raw/prices/PCT.json,
stockanalysis.history,https://stockanalysis.com/api/symbol/s/plse/history?period=Daily&range=Max,2026-09-11T14:19:09Z,200,application/json,269687,cab51634dbcfb2d8930aa5fa9f1ac41263620c5d44f50ded883dfdc2ebb9348c,captured,raw/prices/PLSE.json,
stockanalysis.history,https://stockanalysis.com/api/symbol/s/poet/history?period=Daily&range=Max,2026-09-11T14:19:12Z,200,application/json,349040,674eae05eec3750921b6a371f5eb3a4ff6ad1ba6abcec2a66bd48f9b651ecb7d,captured,raw/prices/POET.json,
stockanalysis.history,https://stockanalysis.com/api/symbol/s/qcom/history?period=Daily&range=Max,2026-09-11T14:19:14Z,200,application/json,985950,3911ab890519e262a7c8d5bff2651ffe8e657f782dab55379bda563476acdf56,captured,raw/prices/QCOM.json,
stockanalysis.history,https://stockanalysis.com/api/symbol/s/rblx/history?period=Daily&range=Max,2026-09-11T14:19:17Z,200,application/json,148884,508e2cfb98ee151af5e16b29859995298fe26802fa07963236d663f9e52d905c,captured,raw/prices/RBLX.json,
stockanalysis.history,https://stockanalysis.com/api/symbol/s/riot/history?period=Daily&range=Max,2026-09-11T14:19:19Z,200,application/json,631260,1274139ca7596205ab3dc12190bcc356c2007bf9af6e55e3661c5cbfc807d9e8,captured,raw/prices/RIOT.json,
stockanalysis.history,https://stockanalysis.com/api/symbol/s/sgly/history?period=Daily&range=Max,2026-09-11T14:19:21Z,200,application/json,504583,c39de15b5997dc945de65698e4351c6ebbd147060b3e0ff69530573e4b4f2632,captured,raw/prices/SGLY.json,
stockanalysis.history,https://stockanalysis.com/api/symbol/s/sli/history?period=Daily&range=Max,2026-09-11T14:19:24Z,200,application/json,238332,a3b71a58ba9accedab380c8a46d4285e13b3b08698c21210f52ca772a8e15562,captured,raw/prices/SLI.json,
stockanalysis.history,https://stockanalysis.com/api/symbol/s/smrt/history?period=Daily&range=Max,2026-09-11T14:19:27Z,200,application/json,144415,fa00b0575e1a62dbe810551e274251a42ce0f56e96b725151ae29ed4718efdba,captured,raw/prices/SMRT.json,
stockanalysis.history,https://stockanalysis.com/api/symbol/s/sohu/history?period=Daily&range=Max,2026-09-11T14:19:30Z,200,application/json,218253,411455ddf38f1300aa95efc0ad30051519aa1c03ce62eb3d4ee24739cec94de4,captured,raw/prices/SOHU.json,
stockanalysis.history,https://stockanalysis.com/api/symbol/s/syk/history?period=Daily&range=Max,2026-09-11T14:19:34Z,200,application/json,1219493,4267b245c216a62a36c5ab857df2bc485bc7e9311a26e1f41854aaacfb45e597,captured,raw/prices/SYK.json,
stockanalysis.history,https://stockanalysis.com/api/symbol/s/tal/history?period=Daily&range=Max,2026-09-11T14:19:37Z,200,application/json,429210,8eab786d6610621c23505a1c73cdfc6a307ca5d04e01ca529eb997e480d469be,captured,raw/prices/TAL.json,
stockanalysis.history,https://stockanalysis.com/api/symbol/s/tgls/history?period=Daily&range=Max,2026-09-11T14:19:40Z,200,application/json,338133,9651c26c629c71f253a64080ec1080eeaa586af4096dfba1fd7a4d63574b89e0,captured,raw/prices/TGLS.json,
stockanalysis.history,https://stockanalysis.com/api/symbol/s/usar/history?period=Daily&range=Max,2026-09-11T14:19:42Z,200,application/json,80436,e1598c56cb30ada8738f521b84c577d43fbada2a6dde5f5f9b650755db1b4b7f,captured,raw/prices/USAR.json,
stockanalysis.history,https://stockanalysis.com/api/symbol/s/veri/history?period=Daily&range=Max,2026-09-11T14:19:45Z,200,application/json,241991,58fe494a5158a1a584cf0bcd2da07ec25a68d83cbba71123d90f7a7fcd414e85,captured,raw/prices/VERI.json,
stockanalysis.history,https://stockanalysis.com/api/symbol/s/well/history?period=Daily&range=Max,2026-09-11T14:19:48Z,200,application/json,1173722,538649f0710b7985eb8a1c83ccf47dbe1c7123edb1043147679a9261c360e5b0,captured,raw/prices/WELL.json,
stockanalysis.history,https://stockanalysis.com/api/symbol/s/worx/history?period=Daily&range=Max,,,application/json,,,absent,,api 400
stockanalysis.history,https://stockanalysis.com/api/symbol/s/xpo/history?period=Daily&range=Max,2026-09-11T14:19:56Z,200,application/json,650479,dfe0afb7a4ce1ee3f862485d99cb546bd9624d5e87ce757408c49c610bc78933,captured,raw/prices/XPO.json,
stockanalysis.history,https://stockanalysis.com/api/symbol/s/xyl/history?period=Daily&range=Max,2026-09-11T14:19:59Z,200,application/json,420703,bca96efc0105ce52e626f4a41af6f86594e77fccfedbbee0e85ee5debcec3f8a,captured,raw/prices/XYL.json,
sec.shares_outstanding,https://data.sec.gov/api/xbrl/companyconcept/CIK/dei/EntityCommonStockSharesOutstanding.json (ACB),2026-09-11T14:40:46Z,200,application/json,398,5406cdbe05d7c12061ff6e5d900c1f90e9b6caa7d93e2db5cd57cf5a711b3cf9,captured,raw/shares/ACB.json,
sec.shares_outstanding,https://data.sec.gov/api/xbrl/companyconcept/CIK/dei/EntityCommonStockSharesOutstanding.json (AME),2026-09-11T14:40:48Z,200,application/json,3933,80584ad2a6df22b2b3b1c6f708d53f499056e3a4973ee49ef36ec075c02244b9,captured,raw/shares/AME.json,
sec.shares_outstanding,https://data.sec.gov/api/xbrl/companyconcept/CIK/dei/EntityCommonStockSharesOutstanding.json (AMT),2026-09-11T14:40:49Z,200,application/json,3933,cbf07cda4178d29a2512c11d5c62476765c7e14920b7c1b425c98eeabcb6a1d0,captured,raw/shares/AMT.json,
sec.shares_outstanding,https://data.sec.gov/api/xbrl/companyconcept/CIK/dei/EntityCommonStockSharesOutstanding.json (AOS),2026-09-11T14:40:50Z,200,application/json,280,6ba852e96181301ffdcf42a89e6c1cf2a600845d042e68273166f56b193f5699,captured,raw/shares/AOS.json,
sec.shares_outstanding,https://data.sec.gov/api/xbrl/companyconcept/CIK/dei/EntityCommonStockSharesOutstanding.json (APH),2026-09-11T14:40:51Z,200,application/json,3942,b493775c5a61ad63e8723535a9877ab115cdf22af53b6547caaa2d1ad30585d1,captured,raw/shares/APH.json,
sec.shares_outstanding,https://data.sec.gov/api/xbrl/companyconcept/CIK/dei/EntityCommonStockSharesOutstanding.json (AX),2026-09-11T14:40:52Z,200,application/json,3360,ef60a4436a36a5f3980ca924c6087e6c2cc9360d63e20d822af318559b56d8b9,captured,raw/shares/AX.json,
sec.shares_outstanding,https://data.sec.gov/api/xbrl/companyconcept/CIK/dei/EntityCommonStockSharesOutstanding.json (BLDP),2026-09-11T14:40:54Z,200,application/json,574,81ba1fd12ec9342a37df64b9f5631c1f1479c3d8fba14a3671fd292b3db6b246,captured,raw/shares/BLDP.json,
sec.shares_outstanding,https://data.sec.gov/api/xbrl/companyconcept/CIK/dei/EntityCommonStockSharesOutstanding.json (BYSI),2026-09-11T14:40:55Z,200,application/json,1004,965aadee3253adbac2144bca94b79a0447cf59f820a120aebb36ded04deaf7d3,captured,raw/shares/BYSI.json,
sec.shares_outstanding,https://data.sec.gov/api/xbrl/companyconcept/CIK/dei/EntityCommonStockSharesOutstanding.json (CG),2026-09-11T14:40:56Z,200,application/json,3578,16f33011062fde9e1a755f4ec986ff27d4ad0f7a981fc13b4706f7af766f1f71,captured,raw/shares/CG.json,
sec.shares_outstanding,https://data.sec.gov/api/xbrl/companyconcept/CIK/dei/EntityCommonStockSharesOutstanding.json (CHD),2026-09-11T14:40:57Z,200,application/json,3701,3c553f72ac15bd6f91a268fbde27457e493b33be153db35eff0d2b66c7cb3619,captured,raw/shares/CHD.json,
sec.shares_outstanding,https://data.sec.gov/api/xbrl/companyconcept/CIK/dei/EntityCommonStockSharesOutstanding.json (CNFN),2026-09-11T14:40:59Z,200,application/json,3419,0e393e8ad91398bf7d18b1611de4771049a325416dd3cfa173ddbbd5a7967d69,captured,raw/shares/CNFN.json,
sec.shares_outstanding,https://data.sec.gov/api/xbrl/companyconcept/CIK/dei/EntityCommonStockSharesOutstanding.json (COCP),2026-09-11T14:41:00Z,200,application/json,3659,38ad65e15f73c98b5def36da17fd35b5e46204d90b23654e8cc7b37f2dffbc9f,captured,raw/shares/COCP.json,
sec.shares_outstanding,https://data.sec.gov/api/xbrl/companyconcept/CIK/dei/EntityCommonStockSharesOutstanding.json (DLO),2026-09-11T14:41:04Z,200,application/json,285,68565abddd3b982f86df7cc6444a99ffbc6a538399bb59543e68ae3ae52564d2,captured,raw/shares/DLO.json,
sec.shares_outstanding,https://data.sec.gov/api/xbrl/companyconcept/CIK/dei/EntityCommonStockSharesOutstanding.json (EDU),2026-09-11T14:41:06Z,200,application/json,921,eb3f07b493252d4084e3e0cbd1af522d3ca0b4e305e6860672104cf0820f3ea3,captured,raw/shares/EDU.json,
sec.shares_outstanding,https://data.sec.gov/api/xbrl/companyconcept/CIK/dei/EntityCommonStockSharesOutstanding.json (EQIX),2026-09-11T14:41:08Z,200,application/json,3698,cb14e90b5661e01eaaefa70e4a49704a6da871ec1ad8377d5cb77048dd1f8d8c,captured,raw/shares/EQIX.json,
sec.shares_outstanding,https://data.sec.gov/api/xbrl/companyconcept/CIK/dei/EntityCommonStockSharesOutstanding.json (ESTA),2026-09-11T14:41:09Z,200,application/json,1906,8176af4b8ce7895d287daae65cf2372bc7cf999745063102a6e9ffc77974f6dd,captured,raw/shares/ESTA.json,
sec.shares_outstanding,https://data.sec.gov/api/xbrl/companyconcept/CIK/dei/EntityCommonStockSharesOutstanding.json (FCEL),2026-09-11T14:41:10Z,200,application/json,3459,8710943586efc8df34d61de5ce3d4860c6391d2af4512e70723d5d263151f2f7,captured,raw/shares/FCEL.json,
sec.shares_outstanding,https://data.sec.gov/api/xbrl/companyconcept/CIK/dei/EntityCommonStockSharesOutstanding.json (FRHC),2026-09-11T14:41:12Z,200,application/json,3655,607e7cff585ce4702363017471f8962b253df8da625fa1b1297866575af22bbc,captured,raw/shares/FRHC.json,
sec.shares_outstanding,https://data.sec.gov/api/xbrl/companyconcept/CIK/dei/EntityCommonStockSharesOutstanding.json (GENI),2026-09-11T14:41:13Z,200,application/json,387,370c2da9ff47678747b7925cc9e7a67a3b13b1e10a2586bea786ede405cb3dcc,captured,raw/shares/GENI.json,
sec.shares_outstanding,https://data.sec.gov/api/xbrl/companyconcept/CIK/dei/EntityCommonStockSharesOutstanding.json (GLOB),2026-09-11T14:41:14Z,200,application/json,504,bf9b1c2fec514b9d9473e9f6365eb7893d00302b8f88b9bd1765f5848677c3da,captured,raw/shares/GLOB.json,
sec.shares_outstanding,https://data.sec.gov/api/xbrl/companyconcept/CIK/dei/EntityCommonStockSharesOutstanding.json (GRWG),2026-09-11T14:41:15Z,200,application/json,2296,a0abec380212bc4855fad2ee58c04400c8ff7c5884c8f3344e373fe8d203ee45,captured,raw/shares/GRWG.json,
sec.shares_outstanding,https://data.sec.gov/api/xbrl/companyconcept/CIK/dei/EntityCommonStockSharesOutstanding.json (HFFG),2026-09-11T14:41:16Z,200,application/json,2067,afd5b666bd7580592ad50ae502701e7940bcf3b00f59930ad99c3e5c0cecda5d,captured,raw/shares/HFFG.json,
sec.shares_outstanding,https://data.sec.gov/api/xbrl/companyconcept/CIK/dei/EntityCommonStockSharesOutstanding.json (HSIC),2026-09-11T14:41:17Z,200,application/json,3676,5242f10b0c31f3bad788282a2b8a94bd72d9a4d84a402d1b3faec5e7cf7ea95e,captured,raw/shares/HSIC.json,
sec.shares_outstanding,https://data.sec.gov/api/xbrl/companyconcept/CIK/dei/EntityCommonStockSharesOutstanding.json (IEP),2026-09-11T14:41:18Z,200,application/json,3532,37228f201293a3ef3c4594ef0fd135d9c07382a9c8ae0c189d998201937850c8,captured,raw/shares/IEP.json,
sec.shares_outstanding,https://data.sec.gov/api/xbrl/companyconcept/CIK/dei/EntityCommonStockSharesOutstanding.json (IPX),2026-09-11T14:41:19Z,200,application/json,346,348b4d3f0eac7c17b849e41e98adeb10a2d77dd9098d18a078bb8596c4610c53,captured,raw/shares/IPX.json,
sec.shares_outstanding,https://data.sec.gov/api/xbrl/companyconcept/CIK/dei/EntityCommonStockSharesOutstanding.json (IRS),2026-09-11T14:41:20Z,200,application/json,432,824f4ec7ed36c027cfd0cdfb6709992ec0dd325962d744918dbcc7ca7c573ccd,captured,raw/shares/IRS.json,
sec.shares_outstanding,https://data.sec.gov/api/xbrl/companyconcept/CIK/dei/EntityCommonStockSharesOutstanding.json (IT),2026-09-11T14:41:21Z,200,application/json,3640,4984d96deacc768627589be3aeff3a2925847545d45609b802786d08510ab12d,captured,raw/shares/IT.json,
sec.shares_outstanding,https://data.sec.gov/api/xbrl/companyconcept/CIK/dei/EntityCommonStockSharesOutstanding.json (KNDI),2026-09-11T14:41:22Z,200,application/json,112,814bf3b2860fce00ca02302e9161f912356db256488107d1dc8bf6be449490ca,captured,raw/shares/KNDI.json,
sec.shares_outstanding,https://data.sec.gov/api/xbrl/companyconcept/CIK/dei/EntityCommonStockSharesOutstanding.json (KNF),2026-09-11T14:41:23Z,200,application/json,780,02f68c1f10da180d4416c1955414e20500b47622a2a35ddb938bd27fc502cdbc,captured,raw/shares/KNF.json,
sec.shares_outstanding,https://data.sec.gov/api/xbrl/companyconcept/CIK/dei/EntityCommonStockSharesOutstanding.json (KODK),2026-09-11T14:41:25Z,200,application/json,3832,58ee685b876817c512b04c719adc125e7d7a2e463c850d62a48a95fb6a76880a,captured,raw/shares/KODK.json,
sec.shares_outstanding,https://data.sec.gov/api/xbrl/companyconcept/CIK/dei/EntityCommonStockSharesOutstanding.json (LFST),2026-09-11T14:41:26Z,200,application/json,1197,e80d40d2c07e743d9cc40d1c8559b968949b473bd291763cd35f49060beafec4,captured,raw/shares/LFST.json,
sec.shares_outstanding,https://data.sec.gov/api/xbrl/companyconcept/CIK/dei/EntityCommonStockSharesOutstanding.json (LOOP),2026-09-11T14:41:27Z,200,application/json,3646,88373fcfdb6a8e757758fef936f7c197eda35bb904fb818b4b1d8fef658ec78a,captured,raw/shares/LOOP.json,
sec.shares_outstanding,https://data.sec.gov/api/xbrl/companyconcept/CIK/dei/EntityCommonStockSharesOutstanding.json (LRN),2026-09-11T14:41:28Z,200,application/json,3362,34209a118d9209039243ce984e7335895f32fc393a42bba59769cb8d96b1862e,captured,raw/shares/LRN.json,
sec.shares_outstanding,https://data.sec.gov/api/xbrl/companyconcept/CIK/dei/EntityCommonStockSharesOutstanding.json (LSPD),2026-09-11T14:41:29Z,200,application/json,171,117328120f0a6507f34e29eb0124edc63df13cd4fc05b259d0ef804ea143fb79,captured,raw/shares/LSPD.json,
sec.shares_outstanding,https://data.sec.gov/api/xbrl/companyconcept/CIK/dei/EntityCommonStockSharesOutstanding.json (MARA),2026-09-11T14:41:30Z,200,application/json,3663,1699fe9d9447a78753bcc40a7440ddb098e3e2fa386f3998ee1eeddaabffb01d,captured,raw/shares/MARA.json,
sec.shares_outstanding,https://data.sec.gov/api/xbrl/companyconcept/CIK/dei/EntityCommonStockSharesOutstanding.json (MMM),2026-09-11T14:41:32Z,200,application/json,4157,c7217b312bebee4895840d98918beac66facc8eb709c2af54b790b58485c3c36,captured,raw/shares/MMM.json,
sec.shares_outstanding,https://data.sec.gov/api/xbrl/companyconcept/CIK/dei/EntityCommonStockSharesOutstanding.json (MX),2026-09-11T14:41:33Z,200,application/json,3474,4c8637dded4fb6dfc1af7b9caeb4fb1e2e925e5dacc38351d3119172ef43f692,captured,raw/shares/MX.json,
sec.shares_outstanding,https://data.sec.gov/api/xbrl/companyconcept/CIK/dei/EntityCommonStockSharesOutstanding.json (NN),2026-09-11T14:41:34Z,200,application/json,1130,e525b683c4da04c88e90c924b42c9e5d6422182e66dc851769e3323f732792e1,captured,raw/shares/NN.json,
sec.shares_outstanding,https://data.sec.gov/api/xbrl/companyconcept/CIK/dei/EntityCommonStockSharesOutstanding.json (NTRA),2026-09-11T14:41:35Z,200,application/json,2535,aa930d05faec00e289330ac36b46be4b11ef8acf7feced602caf623834c1739c,captured,raw/shares/NTRA.json,
sec.shares_outstanding,https://data.sec.gov/api/xbrl/companyconcept/CIK/dei/EntityCommonStockSharesOutstanding.json (O),2026-09-11T14:41:36Z,200,application/json,3764,e161165acbb1be561cb3393690a72a9887df186cda9eba0c30a51ab535c788d5,captured,raw/shares/O.json,
sec.shares_outstanding,https://data.sec.gov/api/xbrl/companyconcept/CIK/dei/EntityCommonStockSharesOutstanding.json (ONDS),2026-09-11T14:41:37Z,200,application/json,2347,b8ee2247583a329370e5b25ccb57e3b27f82a9c4b1a4bc89672545a9f95fef1f,captured,raw/shares/ONDS.json,
sec.shares_outstanding,https://data.sec.gov/api/xbrl/companyconcept/CIK/dei/EntityCommonStockSharesOutstanding.json (OPRA),2026-09-11T14:41:38Z,200,application/json,572,370b567a49c300c777a885ed8525b86e1e938d2f728e443b2dc2a2dc6478e547,captured,raw/shares/OPRA.json,
sec.shares_outstanding,https://data.sec.gov/api/xbrl/companyconcept/CIK/dei/EntityCommonStockSharesOutstanding.json (ORA),2026-09-11T14:41:39Z,200,application/json,3930,0ce4ebaead5d014a993830a32aa970e23d98d7e82d3b5b3ff100ed51a6310a35,captured,raw/shares/ORA.json,
sec.shares_outstanding,https://data.sec.gov/api/xbrl/companyconcept/CIK/dei/EntityCommonStockSharesOutstanding.json (OSIS),2026-09-11T14:41:40Z,200,application/json,3360,556b6eb29c57cbe1d9bea0cca61ed2ba1176d59036ee72b6cb4ab26d2490e7d8,captured,raw/shares/OSIS.json,
sec.shares_outstanding,https://data.sec.gov/api/xbrl/companyconcept/CIK/dei/EntityCommonStockSharesOutstanding.json (OTLY),2026-09-11T14:41:41Z,200,application/json,285,a09465cbe2685936ba6b9e8b52c292dc505ce27b4fd6bd45a4c09b51d66ef29e,captured,raw/shares/OTLY.json,
sec.shares_outstanding,https://data.sec.gov/api/xbrl/companyconcept/CIK/dei/EntityCommonStockSharesOutstanding.json (PACS),2026-09-11T14:41:42Z,200,application/json,628,9940b1f3cd7e18e6749f8a1080c2950a8b83b812cfd96adbe07b8d9c0530b30d,captured,raw/shares/PACS.json,
sec.shares_outstanding,https://data.sec.gov/api/xbrl/companyconcept/CIK/dei/EntityCommonStockSharesOutstanding.json (PCT),2026-09-11T14:41:43Z,200,application/json,1254,e68a274def49b8e42b026736dd10f8dbb273d8f86e3a1ca25a2b5952c784678b,captured,raw/shares/PCT.json,
sec.shares_outstanding,https://data.sec.gov/api/xbrl/companyconcept/CIK/dei/EntityCommonStockSharesOutstanding.json (PLSE),2026-09-11T14:41:44Z,200,application/json,2584,0c990ee8677c089d49a701ccccb3d09f7e49375d1a963802de13b3ee4931bcb2,captured,raw/shares/PLSE.json,
sec.shares_outstanding,https://data.sec.gov/api/xbrl/companyconcept/CIK/dei/EntityCommonStockSharesOutstanding.json (POET),2026-09-11T14:41:45Z,200,application/json,503,f7192943a29aa2348524dd3abd2650affe5fa8ae86ed99a6c793b776f9ce2549,captured,raw/shares/POET.json,
sec.shares_outstanding,https://data.sec.gov/api/xbrl/companyconcept/CIK/dei/EntityCommonStockSharesOutstanding.json (QCOM),2026-09-11T14:41:46Z,200,application/json,4068,8acfe19a57b7ddb8942a681afee1597f880379ef0210e51e2c93ef13e36103ee,captured,raw/shares/QCOM.json,
sec.shares_outstanding,https://data.sec.gov/api/xbrl/companyconcept/CIK/dei/EntityCommonStockSharesOutstanding.json (RIOT),2026-09-11T14:41:48Z,200,application/json,3597,969ffbf82cabf68771258a14750072e4b08b4728b766e1297993a362148c9320,captured,raw/shares/RIOT.json,
sec.shares_outstanding,https://data.sec.gov/api/xbrl/companyconcept/CIK/dei/EntityCommonStockSharesOutstanding.json (SGLY),2026-09-11T14:41:50Z,200,application/json,3223,4eb32f845b99574e425f082798ad8821b4c8685475b67834c2025df5645fcefb,captured,raw/shares/SGLY.json,
sec.shares_outstanding,https://data.sec.gov/api/xbrl/companyconcept/CIK/dei/EntityCommonStockSharesOutstanding.json (SLI),2026-09-11T14:41:51Z,200,application/json,344,10ce8b031865d8c5054133570554b4b0b78f207fa84cdd0de3d705ba3ef91631,captured,raw/shares/SLI.json,
sec.shares_outstanding,https://data.sec.gov/api/xbrl/companyconcept/CIK/dei/EntityCommonStockSharesOutstanding.json (SMRT),2026-09-11T14:41:52Z,200,application/json,1199,9660d6865c81ce0987940a29826fdf870b2442dd815b5e2030aedaed44ee2343,captured,raw/shares/SMRT.json,
sec.shares_outstanding,https://data.sec.gov/api/xbrl/companyconcept/CIK/dei/EntityCommonStockSharesOutstanding.json (SOHU),2026-09-11T14:41:53Z,200,application/json,448,9877d2b4ee05bbfc20ec1dc30a173fdffc7ffc86d4b469f7d5984aea30d19642,captured,raw/shares/SOHU.json,
sec.shares_outstanding,https://data.sec.gov/api/xbrl/companyconcept/CIK/dei/EntityCommonStockSharesOutstanding.json (SYK),2026-09-11T14:41:54Z,200,application/json,3935,85e852f2e42004ee0e29bc5252f1a890cca827c95b67192e754c1bb9a75655c1,captured,raw/shares/SYK.json,
sec.shares_outstanding,https://data.sec.gov/api/xbrl/companyconcept/CIK/dei/EntityCommonStockSharesOutstanding.json (TGLS),2026-09-11T14:41:56Z,200,application/json,3755,261504a47843ca25d79bd9f03b62a755542311818c439ffd7d87557e2542f30a,captured,raw/shares/TGLS.json,
sec.shares_outstanding,https://data.sec.gov/api/xbrl/companyconcept/CIK/dei/EntityCommonStockSharesOutstanding.json (USAR),2026-09-11T14:41:57Z,200,application/json,225,997d99c77dde2717da994af55b03952d38cdd40461dbb3ea88e86c926c721463,captured,raw/shares/USAR.json,
sec.shares_outstanding,https://data.sec.gov/api/xbrl/companyconcept/CIK/dei/EntityCommonStockSharesOutstanding.json (VERI),2026-09-11T14:41:58Z,200,application/json,2361,5593609bfd62528192b143102cf0b7b5350284b47a053476439a204c268dd88a,captured,raw/shares/VERI.json,
sec.shares_outstanding,https://data.sec.gov/api/xbrl/companyconcept/CIK/dei/EntityCommonStockSharesOutstanding.json (WORX),2026-09-11T14:42:00Z,200,application/json,2274,c5217bf1689e6fc12ed5de57016e5ec553ec6f6999f1ca84397c1e051a18b5e2,captured,raw/shares/WORX.json,
sec.shares_outstanding,https://data.sec.gov/api/xbrl/companyconcept/CIK/dei/EntityCommonStockSharesOutstanding.json (XPO),2026-09-11T14:42:01Z,200,application/json,3453,7c6bfd9ce730b3c70989d0b029f6e0d5e5402023e94a773f6452eb969d1a9c40,captured,raw/shares/XPO.json,
sec.shares_outstanding,https://data.sec.gov/api/xbrl/companyconcept/CIK/dei/EntityCommonStockSharesOutstanding.json (XYL),2026-09-11T14:42:02Z,200,application/json,3479,f1814d1df7848eb02e201d42ddf93418e32fa6d00cc1e29438a6b6d13cf7a2d9,captured,raw/shares/XYL.json,
sec.ticker_registry,https://www.sec.gov/files/company_tickers_exchange.json,2026-09-11T13:41:44Z,200,application/json,522086,2b428c1502b616046f17d0d035d33ace052de5fc31e6a2c2cdcdd8c2fc32287a,captured,raw/sec/company_tickers_exchange.json,"ticker -> company -> exchange, used to validate extractions"
access_audit,https://muddywatersresearch.com/sitemap.xml,2026-09-11T09:11:28Z,200,application/xml,,,captured,raw/access-audit.json,full text + PDF
access_audit,https://citronresearch.com/sitemap.xml,2026-09-11T09:11:28Z,200,application/xml,,,captured,raw/access-audit.json,teaser only
access_audit,https://blueorcacapital.com/sitemap.xml,2026-09-11T09:11:28Z,403,application/xml,,,refused,raw/access-audit.json,unreadable
access_audit,https://kerrisdalecap.com/sitemap.xml,2026-09-11T09:11:28Z,403,application/xml,,,refused,raw/access-audit.json,unreadable
access_audit,https://culperresearch.com/sitemap.xml,2026-09-11T09:11:28Z,403,application/xml,,,refused,raw/access-audit.json,unreadable
access_audit,https://grizzlyresearch.com/sitemap.xml,2026-09-11T09:11:28Z,000,application/xml,,,refused,raw/access-audit.json,unreadable
access_audit,https://bonitasresearch.com/sitemap.xml,2026-09-11T09:11:28Z,200,application/xml,,,captured,raw/access-audit.json,PDF only
access_audit,https://fuzzypandaresearch.com/sitemap.xml,2026-09-11T09:11:28Z,200,application/xml,,,captured,raw/access-audit.json,full text + PDF
access_audit,https://hunterbrookmedia.com/sitemap.xml,2026-09-11T09:11:28Z,200,application/xml,,,captured,raw/access-audit.json,teaser only
access_audit,https://nightmarketresearch.com/sitemap.xml,2026-09-11T09:11:28Z,200,application/xml,,,captured,raw/access-audit.json,full text + PDF
access_audit,https://wolfpackresearch.com/sitemap.xml,2026-09-11T09:11:28Z,200,application/xml,,,captured,raw/access-audit.json,teaser only
access_audit,https://jcapitalresearch.com/sitemap.xml,2026-09-11T09:11:28Z,200,application/xml,,,captured,raw/access-audit.json,PDF only
access_audit,https://scorpioncapital.com/sitemap.xml,2026-09-11T09:11:28Z,200,application/xml,,,captured,raw/access-audit.json,PDF only
access_audit,https://viceroyresearch.org/sitemap.xml,2026-09-11T09:11:28Z,200,application/xml,,,captured,raw/access-audit.json,full text + PDF
access_audit,https://sprucepointcap.com/sitemap.xml,2026-09-11T09:11:28Z,200,application/xml,,,captured,raw/access-audit.json,full text + PDF
access_audit,https://gothamcityresearch.com/sitemap.xml,2026-09-11T09:11:28Z,200,application/xml,,,captured,raw/access-audit.json,teaser only
access_audit,https://hindenburgresearch.com/sitemap.xml,2026-09-11T09:11:28Z,200,application/xml,,,captured,raw/access-audit.json,full text + PDF
